url,html_content,screenshot,label
http://bafybeicq2uxnud6qz2nlla7utndhtjtrugydx3tdzhjzj7zjx4jbffigie.ipfs.infura-ipfs.io,0001_bafybeicq2uxnud6qz2nlla7utndhtjtrugydx3tdzhjzj7zjx4jbffigie.ipfs.infura-ipfs.io/page.html,0001_bafybeicq2uxnud6qz2nlla7utndhtjtrugydx3tdzhjzj7zjx4jbffigie.ipfs.infura-ipfs.io/screenshot.png,1
http://bafybeiddrvh2jskkihnnlw4i4rs23m43bg56bjpdr43cfon6oddmha6lue.ipfs.dweb.link,0002_bafybeiddrvh2jskkihnnlw4i4rs23m43bg56bjpdr43cfon6oddmha6lue.ipfs.dweb.link/page.html,0002_bafybeiddrvh2jskkihnnlw4i4rs23m43bg56bjpdr43cfon6oddmha6lue.ipfs.dweb.link/screenshot.png,1
http://bafybeiddup6lnmz2bs3ywtoo7ygy7nuxzppsgqtuyzw54fpqryvosoumvu.ipfs.dweb.link,0003_bafybeiddup6lnmz2bs3ywtoo7ygy7nuxzppsgqtuyzw54fpqryvosoumvu.ipfs.dweb.link/page.html,0003_bafybeiddup6lnmz2bs3ywtoo7ygy7nuxzppsgqtuyzw54fpqryvosoumvu.ipfs.dweb.link/screenshot.png,1
http://01anjali2001.github.io/netflix,0004_01anjali2001.github.io_netflix/page.html,0004_01anjali2001.github.io_netflix/screenshot.png,1
http://bafybeidoglaizl6f2nvlkf3n7aek4appfd4goj5a5fovzmg52vaa2wcggu.ipfs.dweb.link,0005_bafybeidoglaizl6f2nvlkf3n7aek4appfd4goj5a5fovzmg52vaa2wcggu.ipfs.dweb.link/page.html,0005_bafybeidoglaizl6f2nvlkf3n7aek4appfd4goj5a5fovzmg52vaa2wcggu.ipfs.dweb.link/screenshot.png,1
http://bafybeidmsq7bsjz7mqcekzwnicnbh2b2bptwpbvqftmwtajg32kmjk7kzy.ipfs.dweb.link,0006_bafybeidmsq7bsjz7mqcekzwnicnbh2b2bptwpbvqftmwtajg32kmjk7kzy.ipfs.dweb.link/page.html,0006_bafybeidmsq7bsjz7mqcekzwnicnbh2b2bptwpbvqftmwtajg32kmjk7kzy.ipfs.dweb.link/screenshot.png,1
http://023traff4hugedomains.weebly.com,0007_023traff4hugedomains.weebly.com/page.html,0007_023traff4hugedomains.weebly.com/screenshot.png,1
http://01b3659.com,0008_01b3659.com/page.html,0008_01b3659.com/screenshot.png,1
http://022saibo.com,0009_022saibo.com/page.html,0009_022saibo.com/screenshot.png,1
http://bafybeidyrnwtlvlhckl4cdut23ob3dnyodzyt3dakuwzyxgmn2xbq5mnie.ipfs.dweb.link,0010_bafybeidyrnwtlvlhckl4cdut23ob3dnyodzyt3dakuwzyxgmn2xbq5mnie.ipfs.dweb.link/page.html,0010_bafybeidyrnwtlvlhckl4cdut23ob3dnyodzyt3dakuwzyxgmn2xbq5mnie.ipfs.dweb.link/screenshot.png,1
http://0351250.netsolhost.com/aspnet_client/system_web/2_0_50727/aus/accountidimpotratnf382a79b57d709782038867d7ce2c400,0011_0351250.netsolhost.com_aspnet_client_system_web_2_0_50727_aus_accountidimpotratnf382a79b57d709782038867d7ce2c400/page.html,0011_0351250.netsolhost.com_aspnet_client_system_web_2_0_50727_aus_accountidimpotratnf382a79b57d709782038867d7ce2c400/screenshot.png,1
http://035d50bbb21f.godaddysites.com,0012_035d50bbb21f.godaddysites.com/page.html,0012_035d50bbb21f.godaddysites.com/screenshot.png,1
http://17dh03.com,0013_17dh03.com/page.html,0013_17dh03.com/screenshot.png,1
http://02b3659.com,0014_02b3659.com/page.html,0014_02b3659.com/screenshot.png,1
http://0419hl.com/d/0618/fpic10003s.jpg/fpic10044.jpg/taskforces/validation.htm,0015_0419hl.com_d_0618_fpic10003s.jpg_fpic10044.jpg_taskforces_validation.htm/page.html,0015_0419hl.com_d_0618_fpic10003s.jpg_fpic10044.jpg_taskforces_validation.htm/screenshot.png,1
http://bafybeie5f5zmnofaardfauktuutu6zxh6pju6itev6tgck7kdwezlbmvga.ipfs.dweb.link,0016_bafybeie5f5zmnofaardfauktuutu6zxh6pju6itev6tgck7kdwezlbmvga.ipfs.dweb.link/page.html,0016_bafybeie5f5zmnofaardfauktuutu6zxh6pju6itev6tgck7kdwezlbmvga.ipfs.dweb.link/screenshot.png,1
http://bafybeie5f5zmnofaardfauktuutu6zxh6pju6itev6tgck7kdwezlbmvga.ipfs.dweb.link/?naps,0017_bafybeie5f5zmnofaardfauktuutu6zxh6pju6itev6tgck7kdwezlbmvga.ipfs.dweb.link_naps/page.html,0017_bafybeie5f5zmnofaardfauktuutu6zxh6pju6itev6tgck7kdwezlbmvga.ipfs.dweb.link_naps/screenshot.png,1
http://bafybeiectrgzuafpb27jeoxpllwphbprj53zhhmzd46tcyec7ihp4tscbq.ipfs.dweb.link/ste.html,0018_bafybeiectrgzuafpb27jeoxpllwphbprj53zhhmzd46tcyec7ihp4tscbq.ipfs.dweb.link_ste.html/page.html,0018_bafybeiectrgzuafpb27jeoxpllwphbprj53zhhmzd46tcyec7ihp4tscbq.ipfs.dweb.link_ste.html/screenshot.png,1
http://bafybeieikss2qkderkwb4bjsuqpsvgvtlmblqr5puvyfnrooseeb5jzj5q.ipfs.dweb.link,0019_bafybeieikss2qkderkwb4bjsuqpsvgvtlmblqr5puvyfnrooseeb5jzj5q.ipfs.dweb.link/page.html,0019_bafybeieikss2qkderkwb4bjsuqpsvgvtlmblqr5puvyfnrooseeb5jzj5q.ipfs.dweb.link/screenshot.png,1
http://03b3659.com,0020_03b3659.com/page.html,0020_03b3659.com/screenshot.png,1
http://bafybeiehgfy5gxgf7mv34zs3kih7iatowo7n46jifuwsdozbpi23wnp64u.ipfs.w3s.link/indexba.html,0021_bafybeiehgfy5gxgf7mv34zs3kih7iatowo7n46jifuwsdozbpi23wnp64u.ipfs.w3s.link_indexba.html/page.html,0021_bafybeiehgfy5gxgf7mv34zs3kih7iatowo7n46jifuwsdozbpi23wnp64u.ipfs.w3s.link_indexba.html/screenshot.png,1
http://bafybeielfptk46wdu3lbee2jlyfhbwzpwl3oxapqvpluqpuf3tfr2si64m.ipfs.dweb.link,0022_bafybeielfptk46wdu3lbee2jlyfhbwzpwl3oxapqvpluqpuf3tfr2si64m.ipfs.dweb.link/page.html,0022_bafybeielfptk46wdu3lbee2jlyfhbwzpwl3oxapqvpluqpuf3tfr2si64m.ipfs.dweb.link/screenshot.png,1
http://0431saibo.com,0023_0431saibo.com/page.html,0023_0431saibo.com/screenshot.png,1
http://04320c.com,0024_04320c.com/page.html,0024_04320c.com/screenshot.png,1
http://bafybeiesfsibeu2kq3pp33vdyryb2ginznvylufqo6grhxgna2wfqernai.ipfs.dweb.link,0025_bafybeiesfsibeu2kq3pp33vdyryb2ginznvylufqo6grhxgna2wfqernai.ipfs.dweb.link/page.html,0025_bafybeiesfsibeu2kq3pp33vdyryb2ginznvylufqo6grhxgna2wfqernai.ipfs.dweb.link/screenshot.png,1
http://bafybeiez5olqzw5oq2hfi3dmo3nnz4y6iox6gz7774rud4o2sp6uh43pxe.ipfs.dweb.link,0026_bafybeiez5olqzw5oq2hfi3dmo3nnz4y6iox6gz7774rud4o2sp6uh43pxe.ipfs.dweb.link/page.html,0026_bafybeiez5olqzw5oq2hfi3dmo3nnz4y6iox6gz7774rud4o2sp6uh43pxe.ipfs.dweb.link/screenshot.png,1
http://bafybeif7qztadpjm63bedabojp7nddt2blgh2lxrfqhz7chwohd3vpjy5i.ipfs.dweb.link,0027_bafybeif7qztadpjm63bedabojp7nddt2blgh2lxrfqhz7chwohd3vpjy5i.ipfs.dweb.link/page.html,0027_bafybeif7qztadpjm63bedabojp7nddt2blgh2lxrfqhz7chwohd3vpjy5i.ipfs.dweb.link/screenshot.png,1
http://bafybeifcfe5xorgq2rm5cwebwgksa72gyifrf3tmfjqrwcnwpr5qpglvb4.ipfs.dweb.link,0028_bafybeifcfe5xorgq2rm5cwebwgksa72gyifrf3tmfjqrwcnwpr5qpglvb4.ipfs.dweb.link/page.html,0028_bafybeifcfe5xorgq2rm5cwebwgksa72gyifrf3tmfjqrwcnwpr5qpglvb4.ipfs.dweb.link/screenshot.png,1
http://bafybeifbt7fhpyfewc2msg3w3fhg6pusvoz2xvsswpf4kq63g2hxslq4ue.ipfs.dweb.link/l0l.html,0029_bafybeifbt7fhpyfewc2msg3w3fhg6pusvoz2xvsswpf4kq63g2hxslq4ue.ipfs.dweb.link_l0l.html/page.html,0029_bafybeifbt7fhpyfewc2msg3w3fhg6pusvoz2xvsswpf4kq63g2hxslq4ue.ipfs.dweb.link_l0l.html/screenshot.png,1
http://bafybeifgzx4io3dzbvis5ts2t24kltun72lzv7l37zroel7prg5wfg352i.ipfs.dweb.link,0030_bafybeifgzx4io3dzbvis5ts2t24kltun72lzv7l37zroel7prg5wfg352i.ipfs.dweb.link/page.html,0030_bafybeifgzx4io3dzbvis5ts2t24kltun72lzv7l37zroel7prg5wfg352i.ipfs.dweb.link/screenshot.png,1
http://bafybeifqmb6hcx6golqgb6lkrrwbf3d4tcotcszynnhqc7ai4nd2d43boq.ipfs.dweb.link,0031_bafybeifqmb6hcx6golqgb6lkrrwbf3d4tcotcszynnhqc7ai4nd2d43boq.ipfs.dweb.link/page.html,0031_bafybeifqmb6hcx6golqgb6lkrrwbf3d4tcotcszynnhqc7ai4nd2d43boq.ipfs.dweb.link/screenshot.png,1
http://bafybeifqgf7hacp4ugl6xk57ans3phuwnlp3z3gnzdxkrgb5rfaoestwfy.ipfs.dweb.link,0032_bafybeifqgf7hacp4ugl6xk57ans3phuwnlp3z3gnzdxkrgb5rfaoestwfy.ipfs.dweb.link/page.html,0032_bafybeifqgf7hacp4ugl6xk57ans3phuwnlp3z3gnzdxkrgb5rfaoestwfy.ipfs.dweb.link/screenshot.png,1
http://bafybeifruh7773k47pdrqoiptvwu2alhzacgio7ztox7r4525o5ffasvoa.ipfs.dweb.link,0033_bafybeifruh7773k47pdrqoiptvwu2alhzacgio7ztox7r4525o5ffasvoa.ipfs.dweb.link/page.html,0033_bafybeifruh7773k47pdrqoiptvwu2alhzacgio7ztox7r4525o5ffasvoa.ipfs.dweb.link/screenshot.png,1
http://bafybeieppcmmshlcnlffkhlsrabpgrqcj6z6jtpjux6mqkmwvx2hnvgqmi.ipfs.nftstorage.link/or.html,0034_bafybeieppcmmshlcnlffkhlsrabpgrqcj6z6jtpjux6mqkmwvx2hnvgqmi.ipfs.nftstorage.link_or.html/page.html,0034_bafybeieppcmmshlcnlffkhlsrabpgrqcj6z6jtpjux6mqkmwvx2hnvgqmi.ipfs.nftstorage.link_or.html/screenshot.png,1
http://bafybeigl4mkb75yl24yxfpkjvihjggyjjaddqbyoddswzpvfj7efqp2upi.ipfs.dweb.link,0035_bafybeigl4mkb75yl24yxfpkjvihjggyjjaddqbyoddswzpvfj7efqp2upi.ipfs.dweb.link/page.html,0035_bafybeigl4mkb75yl24yxfpkjvihjggyjjaddqbyoddswzpvfj7efqp2upi.ipfs.dweb.link/screenshot.png,1
http://bafybeigvmmijtkdmusl7u22jm76purvb4vyrqihztbb5c7h4ragsc2irhy.ipfs.dweb.link,0036_bafybeigvmmijtkdmusl7u22jm76purvb4vyrqihztbb5c7h4ragsc2irhy.ipfs.dweb.link/page.html,0036_bafybeigvmmijtkdmusl7u22jm76purvb4vyrqihztbb5c7h4ragsc2irhy.ipfs.dweb.link/screenshot.png,1
http://bafybeigwc5fpntgwnkefzuoau5wtw2xz4jdsxgefktaqwe6ezs37wf7zce.ipfs.dweb.link/8936195lcncconnectohasedocuments43ments.html,0037_bafybeigwc5fpntgwnkefzuoau5wtw2xz4jdsxgefktaqwe6ezs37wf7zce.ipfs.dweb.link_8936195lcncconnectohasedocuments43ments.html/page.html,0037_bafybeigwc5fpntgwnkefzuoau5wtw2xz4jdsxgefktaqwe6ezs37wf7zce.ipfs.dweb.link_8936195lcncconnectohasedocuments43ments.html/screenshot.png,1
http://1to100yt.github.io/www.netflix.com,0038_1to100yt.github.io_www.netflix.com/page.html,0038_1to100yt.github.io_www.netflix.com/screenshot.png,1
http://bafybeigwqcmqbbc65ssj7lrzhy7kb7pghrljjgpniiusq4afu5msd4tbom.ipfs.dweb.link,0039_bafybeigwqcmqbbc65ssj7lrzhy7kb7pghrljjgpniiusq4afu5msd4tbom.ipfs.dweb.link/page.html,0039_bafybeigwqcmqbbc65ssj7lrzhy7kb7pghrljjgpniiusq4afu5msd4tbom.ipfs.dweb.link/screenshot.png,1
http://bafybeihahiga2nlz3l5ccrz76di3csogkbuuxdwrr65m7nfdkmrs65fajq.ipfs.dweb.link,0040_bafybeihahiga2nlz3l5ccrz76di3csogkbuuxdwrr65m7nfdkmrs65fajq.ipfs.dweb.link/page.html,0040_bafybeihahiga2nlz3l5ccrz76di3csogkbuuxdwrr65m7nfdkmrs65fajq.ipfs.dweb.link/screenshot.png,1
http://bafybeihfskdedc3loqyhay4kdisuooqkay5uvdgrupky5bkmxtbxjvpmjq.ipfs.dweb.link/keep.html,0041_bafybeihfskdedc3loqyhay4kdisuooqkay5uvdgrupky5bkmxtbxjvpmjq.ipfs.dweb.link_keep.html/page.html,0041_bafybeihfskdedc3loqyhay4kdisuooqkay5uvdgrupky5bkmxtbxjvpmjq.ipfs.dweb.link_keep.html/screenshot.png,1
http://203krehab.com/template/index.html,0042_203krehab.com_template_index.html/page.html,0042_203krehab.com_template_index.html/screenshot.png,1
http://bafybeihx7zpcybjq34jdy2tk2tjh6q5lw6l32p22pluszrqclrjuharkj4.ipfs.dweb.link,0043_bafybeihx7zpcybjq34jdy2tk2tjh6q5lw6l32p22pluszrqclrjuharkj4.ipfs.dweb.link/page.html,0043_bafybeihx7zpcybjq34jdy2tk2tjh6q5lw6l32p22pluszrqclrjuharkj4.ipfs.dweb.link/screenshot.png,1
http://bajajcement.com/ne,0044_bajajcement.com_ne/page.html,0044_bajajcement.com_ne/screenshot.png,1
http://bakingwithbylo.com/wp-admin/max/login/1/cc%20(2).php,0045_bakingwithbylo.com_wp-admin_max_login_1_cc_20_2_.php/page.html,0045_bakingwithbylo.com_wp-admin_max_login_1_cc_20_2_.php/screenshot.png,1
http://bajocerotuluz1.github.io/instagm,0046_bajocerotuluz1.github.io_instagm/page.html,0046_bajocerotuluz1.github.io_instagm/screenshot.png,1
http://bakerysanemanetmsilnowsetready.weebly.com,0047_bakerysanemanetmsilnowsetready.weebly.com/page.html,0047_bakerysanemanetmsilnowsetready.weebly.com/screenshot.png,1
http://balajii1212.github.io/amzon,0048_balajii1212.github.io_amzon/page.html,0048_balajii1212.github.io_amzon/screenshot.png,1
http://balkesh-sharma.github.io/netflix_landing_page,0049_balkesh-sharma.github.io_netflix_landing_page/page.html,0049_balkesh-sharma.github.io_netflix_landing_page/screenshot.png,1
http://balancediario.com/att/index.php,0050_balancediario.com_att_index.php/page.html,0050_balancediario.com_att_index.php/screenshot.png,1
http://balticportsconference.com,0051_balticportsconference.com/page.html,0051_balticportsconference.com/screenshot.png,1
http://bancevirtual.hostkda.com/?i=1,0052_bancevirtual.hostkda.com_i_1/page.html,0052_bancevirtual.hostkda.com_i_1/screenshot.png,1
http://bancopromericaenlinea.com/bancaweb/inicio.aspx,0053_bancopromericaenlinea.com_bancaweb_inicio.aspx/page.html,0053_bancopromericaenlinea.com_bancaweb_inicio.aspx/screenshot.png,1
http://bangalorestrokesupport.com/update/5a2a330b175fe588c2551b78d18d3207,0054_bangalorestrokesupport.com_update_5a2a330b175fe588c2551b78d18d3207/page.html,0054_bangalorestrokesupport.com_update_5a2a330b175fe588c2551b78d18d3207/screenshot.png,1
http://bangrove-ad.com,0055_bangrove-ad.com/page.html,0055_bangrove-ad.com/screenshot.png,1
http://bangtaihotel.com,0056_bangtaihotel.com/page.html,0056_bangtaihotel.com/screenshot.png,1
http://bangklamsso.com/sso/wp-content/plugins/seoplugins/linke/bhalinkedin,0057_bangklamsso.com_sso_wp-content_plugins_seoplugins_linke_bhalinkedin/page.html,0057_bangklamsso.com_sso_wp-content_plugins_seoplugins_linke_bhalinkedin/screenshot.png,1
http://bank.citi-online.us.com,0058_bank.citi-online.us.com/page.html,0058_bank.citi-online.us.com/screenshot.png,1
http://bangorwholesalelaminates.com/wennn/att/login.html,0059_bangorwholesalelaminates.com_wennn_att_login.html/page.html,0059_bangorwholesalelaminates.com_wennn_att_login.html/screenshot.png,1
http://bankinfosecurity.co.uk,0060_bankinfosecurity.co.uk/page.html,0060_bankinfosecurity.co.uk/screenshot.png,1
http://bankole2000.github.io/netflix,0061_bankole2000.github.io_netflix/page.html,0061_bankole2000.github.io_netflix/screenshot.png,1
http://bankruptcy-form-fn-prod-ods.insolvency-development.co.uk,0062_bankruptcy-form-fn-prod-ods.insolvency-development.co.uk/page.html,0062_bankruptcy-form-fn-prod-ods.insolvency-development.co.uk/screenshot.png,1
http://bankruptcy-form-fn-int-ods.insolvency-development.co.uk,0063_bankruptcy-form-fn-int-ods.insolvency-development.co.uk/page.html,0063_bankruptcy-form-fn-int-ods.insolvency-development.co.uk/screenshot.png,1
http://banrisul.com.br/bob/link/bobw00hn_conteudo_detalhe2.aspx?secao_id=68,0064_banrisul.com.br_bob_link_bobw00hn_conteudo_detalhe2.aspx_secao_id_68/page.html,0064_banrisul.com.br_bob_link_bobw00hn_conteudo_detalhe2.aspx_secao_id_68/screenshot.png,1
http://banwayirc.in,0065_banwayirc.in/page.html,0065_banwayirc.in/screenshot.png,1
http://baozhugongyp.com,0066_baozhugongyp.com/page.html,0066_baozhugongyp.com/screenshot.png,1
http://barberalonzo29.wixsite.com/my-site,0067_barberalonzo29.wixsite.com_my-site/page.html,0067_barberalonzo29.wixsite.com_my-site/screenshot.png,1
http://barclaysdevelopment.com,0068_barclaysdevelopment.com/page.html,0068_barclaysdevelopment.com/screenshot.png,1
http://barclay.vercel.app,0069_barclay.vercel.app/page.html,0069_barclay.vercel.app/screenshot.png,1
http://bargainsfinder.me/education_redirect_second/8c5781c2-7b1e-4035-b1d7-990e269e5380,0070_bargainsfinder.me_education_redirect_second_8c5781c2-7b1e-4035-b1d7-990e269e5380/page.html,0070_bargainsfinder.me_education_redirect_second_8c5781c2-7b1e-4035-b1d7-990e269e5380/screenshot.png,1
http://barclays.investcloud.com/membership/homepagedefault.aspx,0071_barclays.investcloud.com_membership_homepagedefault.aspx/page.html,0071_barclays.investcloud.com_membership_homepagedefault.aspx/screenshot.png,1
http://barefoot.uk.com,0072_barefoot.uk.com/page.html,0072_barefoot.uk.com/screenshot.png,1
http://basalt-even-jaborosa.glitch.me,0073_basalt-even-jaborosa.glitch.me/page.html,0073_basalt-even-jaborosa.glitch.me/screenshot.png,1
http://basaksamir3.github.io/facebookloginpage,0074_basaksamir3.github.io_facebookloginpage/page.html,0074_basaksamir3.github.io_facebookloginpage/screenshot.png,1
http://basdga04.github.io/danaisa,0075_basdga04.github.io_danaisa/page.html,0075_basdga04.github.io_danaisa/screenshot.png,1
http://barriolashuertas.com.ar/?e=amvmznjles5nywxpa0bibxmuy29t=,0076_barriolashuertas.com.ar_e_amvmznjles5nywxpa0bibxmuy29t/page.html,0076_barriolashuertas.com.ar_e_amvmznjles5nywxpa0bibxmuy29t/screenshot.png,1
http://base--ndaxx--auth-af.webflow.io,0077_base--ndaxx--auth-af.webflow.io/page.html,0077_base--ndaxx--auth-af.webflow.io/screenshot.png,1
http://base-ndax--auth.webflow.io,0078_base-ndax--auth.webflow.io/page.html,0078_base-ndax--auth.webflow.io/screenshot.png,1
http://base---ndaxex.webflow.io,0079_base---ndaxex.webflow.io/page.html,0079_base---ndaxex.webflow.io/screenshot.png,1
http://base---ndaxx--auth-io.webflow.io,0080_base---ndaxx--auth-io.webflow.io/page.html,0080_base---ndaxx--auth-io.webflow.io/screenshot.png,1
http://barrilderoble.com,0081_barrilderoble.com/page.html,0081_barrilderoble.com/screenshot.png,1
http://basic-react-project-euup-b6hjnuuur-meshacharinze.vercel.app,0082_basic-react-project-euup-b6hjnuuur-meshacharinze.vercel.app/page.html,0082_basic-react-project-euup-b6hjnuuur-meshacharinze.vercel.app/screenshot.png,1
http://basil0303.github.io/newnetflix,0083_basil0303.github.io_newnetflix/page.html,0083_basil0303.github.io_newnetflix/screenshot.png,1
http://basil-johnson.github.io/netflix,0084_basil-johnson.github.io_netflix/page.html,0084_basil-johnson.github.io_netflix/screenshot.png,1
http://basis.org.ua/sites/all/themes/omega/alpha/charterlogin/login.php,0085_basis.org.ua_sites_all_themes_omega_alpha_charterlogin_login.php/page.html,0085_basis.org.ua_sites_all_themes_omega_alpha_charterlogin_login.php/screenshot.png,1
http://batpsonknzai.wixsite.com/my-site,0086_batpsonknzai.wixsite.com_my-site/page.html,0086_batpsonknzai.wixsite.com_my-site/screenshot.png,1
http://batmanmania.com/wwpp88/87kp2jzt47tumdw2yawbyyax2snoeccmyyqmo5ycg9axm,0087_batmanmania.com_wwpp88_87kp2jzt47tumdw2yawbyyax2snoeccmyyqmo5ycg9axm/page.html,0087_batmanmania.com_wwpp88_87kp2jzt47tumdw2yawbyyax2snoeccmyyqmo5ycg9axm/screenshot.png,1
http://battle-angel.com.de/cibc/mobile.singon.php?token=,0088_battle-angel.com.de_cibc_mobile.singon.php_token/page.html,0088_battle-angel.com.de_cibc_mobile.singon.php_token/screenshot.png,1
http://battle-angel.com.de/.resor/mobile.singon.php?token=3d35fd4b9cb283c905=,0089_battle-angel.com.de_.resor_mobile.singon.php_token_3d35fd4b9cb283c905/page.html,0089_battle-angel.com.de_.resor_mobile.singon.php_token_3d35fd4b9cb283c905/screenshot.png,1
http://baykurvzlv.duckdns.org,0090_baykurvzlv.duckdns.org/page.html,0090_baykurvzlv.duckdns.org/screenshot.png,1
http://bataxal.net,0091_bataxal.net/page.html,0091_bataxal.net/screenshot.png,1
http://battocentre.com,0092_battocentre.com/page.html,0092_battocentre.com/screenshot.png,1
http://bazesteam.pips.ru,0093_bazesteam.pips.ru/page.html,0093_bazesteam.pips.ru/screenshot.png,1
http://bazal-amjad.github.io/netflix.clone,0094_bazal-amjad.github.io_netflix.clone/page.html,0094_bazal-amjad.github.io_netflix.clone/screenshot.png,1
http://bb63365.com,0095_bb63365.com/page.html,0095_bb63365.com/screenshot.png,1
http://bb60sy.com,0096_bb60sy.com/page.html,0096_bb60sy.com/screenshot.png,1
http://bb365666.com,0097_bb365666.com/page.html,0097_bb365666.com/screenshot.png,1
http://bbbeeconsultingxperts.co.za/wp-content/uploads/bb-rethem/customer_center/customer-idpp00c682/myaccount/signin,0098_bbbeeconsultingxperts.co.za_wp-content_uploads_bb-rethem_customer_center_customer-idpp00c682_myaccount_signin/page.html,0098_bbbeeconsultingxperts.co.za_wp-content_uploads_bb-rethem_customer_center_customer-idpp00c682_myaccount_signin/screenshot.png,1
http://bb.llewellyncreative-wpdev.com/wp-content/plugins/file-creator/chase/e88f7905328a4ec9f8a239bc47cd6494,0099_bb.llewellyncreative-wpdev.com_wp-content_plugins_file-creator_chase_e88f7905328a4ec9f8a239bc47cd6494/page.html,0099_bb.llewellyncreative-wpdev.com_wp-content_plugins_file-creator_chase_e88f7905328a4ec9f8a239bc47cd6494/screenshot.png,1
http://bb.llewellyncreative-wpdev.com/wp-content/plugins/file-creator/chase/6f07fc83afe5b3e0b18c18bfc66312d9,0100_bb.llewellyncreative-wpdev.com_wp-content_plugins_file-creator_chase_6f07fc83afe5b3e0b18c18bfc66312d9/page.html,0100_bb.llewellyncreative-wpdev.com_wp-content_plugins_file-creator_chase_6f07fc83afe5b3e0b18c18bfc66312d9/screenshot.png,1
http://bb.llewellyncreative-wpdev.com/wp-content/plugins/file-creator/chase/ba5f6a51fd44dfd9591af427a4af6101,0101_bb.llewellyncreative-wpdev.com_wp-content_plugins_file-creator_chase_ba5f6a51fd44dfd9591af427a4af6101/page.html,0101_bb.llewellyncreative-wpdev.com_wp-content_plugins_file-creator_chase_ba5f6a51fd44dfd9591af427a4af6101/screenshot.png,1
http://bbhuwanj.github.io/netflixclone,0102_bbhuwanj.github.io_netflixclone/page.html,0102_bbhuwanj.github.io_netflixclone/screenshot.png,1
http://bbt.honghaoit.com,0103_bbt.honghaoit.com/page.html,0103_bbt.honghaoit.com/screenshot.png,1
http://bbvaneycash.com,0104_bbvaneycash.com/page.html,0104_bbvaneycash.com/screenshot.png,1
http://bbvanetcssh.com,0105_bbvanetcssh.com/page.html,0105_bbvanetcssh.com/screenshot.png,1
http://bbvanrtcash.com,0106_bbvanrtcash.com/page.html,0106_bbvanrtcash.com/screenshot.png,1
http://bcag1e2.wixsite.com/my-site-2,0107_bcag1e2.wixsite.com_my-site-2/page.html,0107_bcag1e2.wixsite.com_my-site-2/screenshot.png,1
http://bdsinternationalschool.net/images/dhl/tracking.php?email=ksjang@hmgkr.com,0108_bdsinternationalschool.net_images_dhl_tracking.php_email_ksjang_hmgkr.com/page.html,0108_bdsinternationalschool.net_images_dhl_tracking.php_email_ksjang_hmgkr.com/screenshot.png,1
http://bdstudyworld.com,0109_bdstudyworld.com/page.html,0109_bdstudyworld.com/screenshot.png,1
http://bduedu.in/pay-fees,0110_bduedu.in_pay-fees/page.html,0110_bduedu.in_pay-fees/screenshot.png,1
http://bdz-baden.de,0111_bdz-baden.de/page.html,0111_bdz-baden.de/screenshot.png,1
http://beam.to/8990,0112_beam.to_8990/page.html,0112_beam.to_8990/screenshot.png,1
http://beatment.de,0113_beatment.de/page.html,0113_beatment.de/screenshot.png,1
http://beatriz-oliveira-dev.github.io/clone-netflix,0114_beatriz-oliveira-dev.github.io_clone-netflix/page.html,0114_beatriz-oliveira-dev.github.io_clone-netflix/screenshot.png,1
http://beavertmb.com/form.php?profile=//inst2/?i=&amp;i=,0115_beavertmb.com_form.php_profile_inst2_i_amp_i/page.html,0115_beavertmb.com_form.php_profile_inst2_i_amp_i/screenshot.png,1
http://beckettnrkg98584.mybjjblog.com/m-t-m-sk-31993564,0116_beckettnrkg98584.mybjjblog.com_m-t-m-sk-31993564/page.html,0116_beckettnrkg98584.mybjjblog.com_m-t-m-sk-31993564/screenshot.png,1
http://beebagratta.github.io/netflix,0117_beebagratta.github.io_netflix/page.html,0117_beebagratta.github.io_netflix/screenshot.png,1
http://beingsantoshh.github.io/netflix-clone,0118_beingsantoshh.github.io_netflix-clone/page.html,0118_beingsantoshh.github.io_netflix-clone/screenshot.png,1
http://beliton.ru/bitrix/admin/liinkedinhardest/900,0119_beliton.ru_bitrix_admin_liinkedinhardest_900/page.html,0119_beliton.ru_bitrix_admin_liinkedinhardest_900/screenshot.png,1
http://behindtheglass.ca,0120_behindtheglass.ca/page.html,0120_behindtheglass.ca/screenshot.png,1
http://bellacct.weebly.com,0121_bellacct.weebly.com/page.html,0121_bellacct.weebly.com/screenshot.png,1
http://bell-104431.weeblysite.com,0122_bell-104431.weeblysite.com/page.html,0122_bell-104431.weeblysite.com/screenshot.png,1
http://belllsouthhh.weebly.com,0123_belllsouthhh.weebly.com/page.html,0123_belllsouthhh.weebly.com/screenshot.png,1
http://beis-citizensassembly-gov.uk.com,0124_beis-citizensassembly-gov.uk.com/page.html,0124_beis-citizensassembly-gov.uk.com/screenshot.png,1
http://bellgab.com,0125_bellgab.com/page.html,0125_bellgab.com/screenshot.png,1
http://bell-107512.weeblysite.com,0126_bell-107512.weeblysite.com/page.html,0126_bell-107512.weeblysite.com/screenshot.png,1
http://bellrushhoursbills.weebly.com,0127_bellrushhoursbills.weebly.com/page.html,0127_bellrushhoursbills.weebly.com/screenshot.png,1
http://bellsouthaccountservices.weebly.com,0128_bellsouthaccountservices.weebly.com/page.html,0128_bellsouthaccountservices.weebly.com/screenshot.png,1
http://bellsouth-mail-verifier-15561f.webflow.io,0129_bellsouth-mail-verifier-15561f.webflow.io/page.html,0129_bellsouth-mail-verifier-15561f.webflow.io/screenshot.png,1
http://bellsouth.univer.se,0130_bellsouth.univer.se/page.html,0130_bellsouth.univer.se/screenshot.png,1
http://bemamuhendislik.com,0131_bemamuhendislik.com/page.html,0131_bemamuhendislik.com/screenshot.png,1
http://bendmytrend.com/ex/login.php?l=_jehfuq_vjoxk0qwhtogydw1774256418&fid.13inboxlight.aspxn.1774256418&fid.125289964252813inboxlight99642_product-email&email=,0132_bendmytrend.com_ex_login.php_l_jehfuq_vjoxk0qwhtogydw1774256418_fid.13inboxlight.aspxn.1774256418_fid.125289964252813inboxlight99642_product-email_ema/page.html,0132_bendmytrend.com_ex_login.php_l_jehfuq_vjoxk0qwhtogydw1774256418_fid.13inboxlight.aspxn.1774256418_fid.125289964252813inboxlight99642_product-email_ema/screenshot.png,1
http://benito-rj.github.io/salmi,0133_benito-rj.github.io_salmi/page.html,0133_benito-rj.github.io_salmi/screenshot.png,1
http://bengalservice.com/ajax/covidapprove/attachment%20name%2020200408_2049.pdf.html,0134_bengalservice.com_ajax_covidapprove_attachment_20name_2020200408_2049.pdf.html/page.html,0134_bengalservice.com_ajax_covidapprove_attachment_20name_2020200408_2049.pdf.html/screenshot.png,1
http://benjim.com,0135_benjim.com/page.html,0135_benjim.com/screenshot.png,1
http://beregihirek.hu/nn,0136_beregihirek.hu_nn/page.html,0136_beregihirek.hu_nn/screenshot.png,1
http://bercode21.github.io/nettflix-clone,0137_bercode21.github.io_nettflix-clone/page.html,0137_bercode21.github.io_nettflix-clone/screenshot.png,1
http://berlinchans.com/secure/user/sv.webmail.jp,0138_berlinchans.com_secure_user_sv.webmail.jp/page.html,0138_berlinchans.com_secure_user_sv.webmail.jp/screenshot.png,1
http://bernardamos422.wixsite.com/my-site,0139_bernardamos422.wixsite.com_my-site/page.html,0139_bernardamos422.wixsite.com_my-site/screenshot.png,1
http://berrydavid336.wixsite.com/my-site,0140_berrydavid336.wixsite.com_my-site/page.html,0140_berrydavid336.wixsite.com_my-site/screenshot.png,1
http://bernarsonic.github.io/facebook-inicio,0141_bernarsonic.github.io_facebook-inicio/page.html,0141_bernarsonic.github.io_facebook-inicio/screenshot.png,1
http://bendasrulman.com/img/giris.turkiye.gov.tr/giris/odeme.php?tc=03778346734,0142_bendasrulman.com_img_giris.turkiye.gov.tr_giris_odeme.php_tc_03778346734/page.html,0142_bendasrulman.com_img_giris.turkiye.gov.tr_giris_odeme.php_tc_03778346734/screenshot.png,1
http://bestelectricityplans.com,0143_bestelectricityplans.com/page.html,0143_bestelectricityplans.com/screenshot.png,1
http://besingularity.net/?id_jibbrs=dr-379382,0144_besingularity.net_id_jibbrs_dr-379382/page.html,0144_besingularity.net_id_jibbrs_dr-379382/screenshot.png,1
http://bet110b.com,0145_bet110b.com/page.html,0145_bet110b.com/screenshot.png,1
http://biocareremedies.in/admin/kjhkj/en.php?rand=13inboxlightaspxn.1774256418&fid.4.1252899642&fid=1&fav.1&rand.13inboxlight.aspxn.1774256418&fid.1252899642&fid.1&fav.1&email=&.rand=13inboxlight.aspx?n=1774256418&fid=4,0146_biocareremedies.in_admin_kjhkj_en.php_rand_13inboxlightaspxn.1774256418_fid.4.1252899642_fid_1_fav.1_rand.13inboxlight.aspxn.1774256418_fid.1252899642/page.html,0146_biocareremedies.in_admin_kjhkj_en.php_rand_13inboxlightaspxn.1774256418_fid.4.1252899642_fid_1_fav.1_rand.13inboxlight.aspxn.1774256418_fid.1252899642/screenshot.png,1
http://biocareremedies.in/admin/em/mnx,0147_biocareremedies.in_admin_em_mnx/page.html,0147_biocareremedies.in_admin_em_mnx/screenshot.png,1
http://bestpeacheu.com,0148_bestpeacheu.com/page.html,0148_bestpeacheu.com/screenshot.png,1
http://bio.now/robuxy,0149_bio.now_robuxy/page.html,0149_bio.now_robuxy/screenshot.png,1
http://bioinvestmedicalcenter.ro/wf-admin/home,0150_bioinvestmedicalcenter.ro_wf-admin_home/page.html,0150_bioinvestmedicalcenter.ro_wf-admin_home/screenshot.png,1
http://bird-deer-pp9l.squarespace.com,0151_bird-deer-pp9l.squarespace.com/page.html,0151_bird-deer-pp9l.squarespace.com/screenshot.png,1
http://bet365365.app,0152_bet365365.app/page.html,0152_bet365365.app/screenshot.png,1
http://birdnestatbunyonyi.com/old/process.php,0153_birdnestatbunyonyi.com_old_process.php/page.html,0153_birdnestatbunyonyi.com_old_process.php/screenshot.png,1
http://bet365098.com,0154_bet365098.com/page.html,0154_bet365098.com/screenshot.png,1
http://bitly.cx/dryen,0155_bitly.cx_dryen/page.html,0155_bitly.cx_dryen/screenshot.png,1
http://bet36516.cc,0156_bet36516.cc/page.html,0156_bet36516.cc/screenshot.png,1
http://bit-of-sraddha.github.io/netflix-clone,0157_bit-of-sraddha.github.io_netflix-clone/page.html,0157_bit-of-sraddha.github.io_netflix-clone/screenshot.png,1
http://bitvavo.com.nl.services.hipergranel.com.br,0158_bitvavo.com.nl.services.hipergranel.com.br/page.html,0158_bitvavo.com.nl.services.hipergranel.com.br/screenshot.png,1
http://bitstarzcasinoaccess.com,0159_bitstarzcasinoaccess.com/page.html,0159_bitstarzcasinoaccess.com/screenshot.png,1
http://biz291.inmotionhosting.com/~dovevs5/evirtualservice/screenmaker/meta/app,0160_biz291.inmotionhosting.com_dovevs5_evirtualservice_screenmaker_meta_app/page.html,0160_biz291.inmotionhosting.com_dovevs5_evirtualservice_screenmaker_meta_app/screenshot.png,1
http://bizinfosrilanka.lankapanel.net/hello/mail1.php,0161_bizinfosrilanka.lankapanel.net_hello_mail1.php/page.html,0161_bizinfosrilanka.lankapanel.net_hello_mail1.php/screenshot.png,1
http://bitvavo888.com/index/index,0162_bitvavo888.com_index_index/page.html,0162_bitvavo888.com_index_index/screenshot.png,1
http://bitvavo888.com,0163_bitvavo888.com/page.html,0163_bitvavo888.com/screenshot.png,1
http://bet360t.com,0164_bet360t.com/page.html,0164_bet360t.com/screenshot.png,1
http://bj5cqt.webwave.dev,0165_bj5cqt.webwave.dev/page.html,0165_bj5cqt.webwave.dev/screenshot.png,1
http://bjgjytjyj.eoldal.hu,0166_bjgjytjyj.eoldal.hu/page.html,0166_bjgjytjyj.eoldal.hu/screenshot.png,1
http://bjhall.com,0167_bjhall.com/page.html,0167_bjhall.com/screenshot.png,1
http://bjshah07.github.io,0168_bjshah07.github.io/page.html,0168_bjshah07.github.io/screenshot.png,1
http://bet2428.com/index.php,0169_bet2428.com_index.php/page.html,0169_bet2428.com_index.php/screenshot.png,1
http://bet-365.pt,0170_bet-365.pt/page.html,0170_bet-365.pt/screenshot.png,1
http://bet3659k.com,0171_bet3659k.com/page.html,0171_bet3659k.com/screenshot.png,1
http://b.lantiao.top,0172_b.lantiao.top/page.html,0172_b.lantiao.top/screenshot.png,1
http://blakelee.com,0173_blakelee.com/page.html,0173_blakelee.com/screenshot.png,1
http://blckfi-login-us.godaddysites.com,0174_blckfi-login-us.godaddysites.com/page.html,0174_blckfi-login-us.godaddysites.com/screenshot.png,1
http://bet3659l.com,0175_bet3659l.com/page.html,0175_bet3659l.com/screenshot.png,1
http://blcckchainwa-llet.weebly.com,0176_blcckchainwa-llet.weebly.com/page.html,0176_blcckchainwa-llet.weebly.com/screenshot.png,1
http://blessing-tolani.github.io/netflix-clone,0177_blessing-tolani.github.io_netflix-clone/page.html,0177_blessing-tolani.github.io_netflix-clone/screenshot.png,1
http://bet63087.com,0178_bet63087.com/page.html,0178_bet63087.com/screenshot.png,1
http://blickchainloginn-usa.godaddysites.com,0179_blickchainloginn-usa.godaddysites.com/page.html,0179_blickchainloginn-usa.godaddysites.com/screenshot.png,1
http://blissful-kepler-1bbe89.netlify.app,0180_blissful-kepler-1bbe89.netlify.app/page.html,0180_blissful-kepler-1bbe89.netlify.app/screenshot.png,1
http://bet365vip4.com,0181_bet365vip4.com/page.html,0181_bet365vip4.com/screenshot.png,1
http://blocjckchainlogin-in.godaddysites.com,0182_blocjckchainlogin-in.godaddysites.com/page.html,0182_blocjckchainlogin-in.godaddysites.com/screenshot.png,1
http://blockchain-login.iwopop.com,0183_blockchain-login.iwopop.com/page.html,0183_blockchain-login.iwopop.com/screenshot.png,1
http://blockchainlogin.iwopop.com,0184_blockchainlogin.iwopop.com/page.html,0184_blockchainlogin.iwopop.com/screenshot.png,1
http://blockchaen-login.godaddysites.com,0185_blockchaen-login.godaddysites.com/page.html,0185_blockchaen-login.godaddysites.com/screenshot.png,1
http://blockchainloginas-in.godaddysites.com,0186_blockchainloginas-in.godaddysites.com/page.html,0186_blockchainloginas-in.godaddysites.com/screenshot.png,1
http://bet365vip6.com/about/deposit,0187_bet365vip6.com_about_deposit/page.html,0187_bet365vip6.com_about_deposit/screenshot.png,1
http://blockchaincore.netlify.app/secureconnection,0188_blockchaincore.netlify.app_secureconnection/page.html,0188_blockchaincore.netlify.app_secureconnection/screenshot.png,1
http://blockchan-login.godaddysites.com,0189_blockchan-login.godaddysites.com/page.html,0189_blockchan-login.godaddysites.com/screenshot.png,1
http://bet63a0.com,0190_bet63a0.com/page.html,0190_bet63a0.com/screenshot.png,1
http://blockfe-cdn.godaddysites.com,0191_blockfe-cdn.godaddysites.com/page.html,0191_blockfe-cdn.godaddysites.com/screenshot.png,1
http://blockfiloggii.godaddysites.com,0192_blockfiloggii.godaddysites.com/page.html,0192_blockfiloggii.godaddysites.com/screenshot.png,1
http://blockfi-public.webflow.io,0193_blockfi-public.webflow.io/page.html,0193_blockfi-public.webflow.io/screenshot.png,1
http://blockfi_llgin.godaddysites.com,0194_blockfi_llgin.godaddysites.com/page.html,0194_blockfi_llgin.godaddysites.com/screenshot.png,1
http://blockfie-eng.github.io,0195_blockfie-eng.github.io/page.html,0195_blockfie-eng.github.io/screenshot.png,1
http://bet988.vip,0196_bet988.vip/page.html,0196_bet988.vip/screenshot.png,1
http://blockplat-form.net,0197_blockplat-form.net/page.html,0197_blockplat-form.net/screenshot.png,1
http://blog.discontcomputers.com/s/63bzgfsvbwsfcdx7y9/85201f/8681e9a8-b42e-44fc-8482-459b41358d3c,0198_blog.discontcomputers.com_s_63bzgfsvbwsfcdx7y9_85201f_8681e9a8-b42e-44fc-8482-459b41358d3c/page.html,0198_blog.discontcomputers.com_s_63bzgfsvbwsfcdx7y9_85201f_8681e9a8-b42e-44fc-8482-459b41358d3c/screenshot.png,1
http://bet83067.com,0199_bet83067.com/page.html,0199_bet83067.com/screenshot.png,1
http://blog-en-ladgerkmstrt.webflow.io,0200_blog-en-ladgerkmstrt.webflow.io/page.html,0200_blog-en-ladgerkmstrt.webflow.io/screenshot.png,1
http://blog-en-ladgrerlive-wlt.webflow.io,0201_blog-en-ladgrerlive-wlt.webflow.io/page.html,0201_blog-en-ladgrerlive-wlt.webflow.io/screenshot.png,1
http://blockichain-login-in.godaddysites.com,0202_blockichain-login-in.godaddysites.com/page.html,0202_blockichain-login-in.godaddysites.com/screenshot.png,1
http://bet988.vip/custom/home,0203_bet988.vip_custom_home/page.html,0203_bet988.vip_custom_home/screenshot.png,1
http://blog.lusir.net,0204_blog.lusir.net/page.html,0204_blog.lusir.net/screenshot.png,1
http://blog.triocard.com.br,0205_blog.triocard.com.br/page.html,0205_blog.triocard.com.br/screenshot.png,1
http://bet9999.bet,0206_bet9999.bet/page.html,0206_bet9999.bet/screenshot.png,1
http://blss24att.weebly.com,0207_blss24att.weebly.com/page.html,0207_blss24att.weebly.com/screenshot.png,1
http://beta800.com,0208_beta800.com/page.html,0208_beta800.com/screenshot.png,1
http://bet-rate.com,0209_bet-rate.com/page.html,0209_bet-rate.com/screenshot.png,1
http://bluestone.ma/bin/1/1,0210_bluestone.ma_bin_1_1/page.html,0210_bluestone.ma_bin_1_1/screenshot.png,1
http://bluestone.ma/bin/1/1/login.php?cmd=login_submit&id=50610411b8876bd4c97faf1c805311d950610411b8876bd4c97faf1c805311d9&session=50610411b8876bd4c97faf1c805311d950610411b8876bd4c97faf1c805311d9,0211_bluestone.ma_bin_1_1_login.php_cmd_login_submit_id_50610411b8876bd4c97faf1c805311d950610411b8876bd4c97faf1c805311d9_session_50610411b8876bd4c97faf1c80/page.html,0211_bluestone.ma_bin_1_1_login.php_cmd_login_submit_id_50610411b8876bd4c97faf1c805311d950610411b8876bd4c97faf1c805311d9_session_50610411b8876bd4c97faf1c80/screenshot.png,1
http://bethmichelle.com,0212_bethmichelle.com/page.html,0212_bethmichelle.com/screenshot.png,1
http://bluish-pear-lj7gn3.mystrikingly.com,0213_bluish-pear-lj7gn3.mystrikingly.com/page.html,0213_bluish-pear-lj7gn3.mystrikingly.com/screenshot.png,1
http://bettinamarks.com/redirect/retry.php,0214_bettinamarks.com_redirect_retry.php/page.html,0214_bettinamarks.com_redirect_retry.php/screenshot.png,1
http://bmfkd.com,0215_bmfkd.com/page.html,0215_bmfkd.com/screenshot.png,1
http://bmaheswari123.github.io/app1,0216_bmaheswari123.github.io_app1/page.html,0216_bmaheswari123.github.io_app1/screenshot.png,1
http://beuhsj.weebly.com,0217_beuhsj.weebly.com/page.html,0217_beuhsj.weebly.com/screenshot.png,1
http://beynod123.github.io/beynod123,0218_beynod123.github.io_beynod123/page.html,0218_beynod123.github.io_beynod123/screenshot.png,1
http://bf-cop.nnodes.cl,0219_bf-cop.nnodes.cl/page.html,0219_bf-cop.nnodes.cl/screenshot.png,1
http://bnbnjhjhghuy.weebly.com,0220_bnbnjhjhghuy.weebly.com/page.html,0220_bnbnjhjhghuy.weebly.com/screenshot.png,1
http://bnp-sinistre-billeterie-qzevatnq0-neat-eu.vercel.app,0221_bnp-sinistre-billeterie-qzevatnq0-neat-eu.vercel.app/page.html,0221_bnp-sinistre-billeterie-qzevatnq0-neat-eu.vercel.app/screenshot.png,1
http://bnp-sinistre-billeterie-2t8o2xs0e-neat-eu.vercel.app,0222_bnp-sinistre-billeterie-2t8o2xs0e-neat-eu.vercel.app/page.html,0222_bnp-sinistre-billeterie-2t8o2xs0e-neat-eu.vercel.app/screenshot.png,1
http://bfsedu.com,0223_bfsedu.com/page.html,0223_bfsedu.com/screenshot.png,1
http://bnpparibas-esp-web.prod.adesso-financial.de,0224_bnpparibas-esp-web.prod.adesso-financial.de/page.html,0224_bnpparibas-esp-web.prod.adesso-financial.de/screenshot.png,1
http://bnrfdds.weebly.com,0225_bnrfdds.weebly.com/page.html,0225_bnrfdds.weebly.com/screenshot.png,1
http://bnpp-demo.powerappsportals.com,0226_bnpp-demo.powerappsportals.com/page.html,0226_bnpp-demo.powerappsportals.com/screenshot.png,1
http://bg-ez.com,0227_bg-ez.com/page.html,0227_bg-ez.com/screenshot.png,1
http://bhagyeshchavare.github.io/clone,0228_bhagyeshchavare.github.io_clone/page.html,0228_bhagyeshchavare.github.io_clone/screenshot.png,1
http://boardband.univer.se,0229_boardband.univer.se/page.html,0229_boardband.univer.se/screenshot.png,1
http://bobur2014.github.io/instagram.com,0230_bobur2014.github.io_instagram.com/page.html,0230_bobur2014.github.io_instagram.com/screenshot.png,1
http://bocquetjf.wixsite.com/monsite,0231_bocquetjf.wixsite.com_monsite/page.html,0231_bocquetjf.wixsite.com_monsite/screenshot.png,1
http://bharath2814.github.io/netflix-clone,0232_bharath2814.github.io_netflix-clone/page.html,0232_bharath2814.github.io_netflix-clone/screenshot.png,1
http://bharathi1809.github.io/netflix,0233_bharathi1809.github.io_netflix/page.html,0233_bharathi1809.github.io_netflix/screenshot.png,1
http://bhargabparthabora123.github.io/netflixlaningpage,0234_bhargabparthabora123.github.io_netflixlaningpage/page.html,0234_bhargabparthabora123.github.io_netflixlaningpage/screenshot.png,1
http://bogaz.github.io/facebook-login-page,0235_bogaz.github.io_facebook-login-page/page.html,0235_bogaz.github.io_facebook-login-page/screenshot.png,1
http://boitemessagerieale.wixsite.com/contacts-2-0-3,0236_boitemessagerieale.wixsite.com_contacts-2-0-3/page.html,0236_boitemessagerieale.wixsite.com_contacts-2-0-3/screenshot.png,1
http://bojler.ba,0237_bojler.ba/page.html,0237_bojler.ba/screenshot.png,1
http://bhandari7462.github.io/amazon-clone,0238_bhandari7462.github.io_amazon-clone/page.html,0238_bhandari7462.github.io_amazon-clone/screenshot.png,1
http://bombasvacio.com,0239_bombasvacio.com/page.html,0239_bombasvacio.com/screenshot.png,1
http://bhutanspiritsanctuary.com/index.php,0240_bhutanspiritsanctuary.com_index.php/page.html,0240_bhutanspiritsanctuary.com_index.php/screenshot.png,1
http://bonmo.ru/language/bola/login.php?cmd=login_submit&id=fb83add920ecf237872dc42b3956d0f0fb83add920ecf237872dc42b3956d0f0&session=fb83add920ecf237872dc42b3956d0f0fb83add920ecf237872dc42b3956d0f0,0241_bonmo.ru_language_bola_login.php_cmd_login_submit_id_fb83add920ecf237872dc42b3956d0f0fb83add920ecf237872dc42b3956d0f0_session_fb83add920ecf237872dc42b/page.html,0241_bonmo.ru_language_bola_login.php_cmd_login_submit_id_fb83add920ecf237872dc42b3956d0f0fb83add920ecf237872dc42b3956d0f0_session_fb83add920ecf237872dc42b/screenshot.png,1
http://bonheursources.godaddysites.com,0242_bonheursources.godaddysites.com/page.html,0242_bonheursources.godaddysites.com/screenshot.png,1
http://bonheur_sources.godaddysites.com,0243_bonheur_sources.godaddysites.com/page.html,0243_bonheur_sources.godaddysites.com/screenshot.png,1
http://bonolo2s.github.io/netflix-clone,0244_bonolo2s.github.io_netflix-clone/page.html,0244_bonolo2s.github.io_netflix-clone/screenshot.png,1
http://bhosting.ng,0245_bhosting.ng/page.html,0245_bhosting.ng/screenshot.png,1
http://booking.healthyemployee.work/education_redirect_second/8c5781c2-7b1e-4035-b1d7-990e269e5380,0246_booking.healthyemployee.work_education_redirect_second_8c5781c2-7b1e-4035-b1d7-990e269e5380/page.html,0246_booking.healthyemployee.work_education_redirect_second_8c5781c2-7b1e-4035-b1d7-990e269e5380/screenshot.png,1
http://bhupinder73.github.io/amazon_ui,0247_bhupinder73.github.io_amazon_ui/page.html,0247_bhupinder73.github.io_amazon_ui/screenshot.png,1
http://bot.fi/3vl7,0248_bot.fi_3vl7/page.html,0248_bot.fi_3vl7/screenshot.png,1
http://bot.fi/3vir,0249_bot.fi_3vir/page.html,0249_bot.fi_3vir/screenshot.png,1
http://borsasetelsis.cat/usps/verification,0250_borsasetelsis.cat_usps_verification/page.html,0250_borsasetelsis.cat_usps_verification/screenshot.png,1
http://bhwqcvdouswedcy7efdu.blogspot.com,0251_bhwqcvdouswedcy7efdu.blogspot.com/page.html,0251_bhwqcvdouswedcy7efdu.blogspot.com/screenshot.png,1
http://bibahonibondhon.com,0252_bibahonibondhon.com/page.html,0252_bibahonibondhon.com/screenshot.png,1
http://boujeeconnect.com,0253_boujeeconnect.com/page.html,0253_boujeeconnect.com/screenshot.png,1
http://biblioteca.riczroninfactories.eu,0254_biblioteca.riczroninfactories.eu/page.html,0254_biblioteca.riczroninfactories.eu/screenshot.png,1
http://bppc.bpp-mail.com,0255_bppc.bpp-mail.com/page.html,0255_bppc.bpp-mail.com/screenshot.png,1
http://bptouch.com/vendor/phpunit/phpunit/users404,0256_bptouch.com_vendor_phpunit_phpunit_users404/page.html,0256_bptouch.com_vendor_phpunit_phpunit_users404/screenshot.png,1
http://bphentertainment.com/po/excelz/bizmail.php,0257_bphentertainment.com_po_excelz_bizmail.php/page.html,0257_bphentertainment.com_po_excelz_bizmail.php/screenshot.png,1
http://bickkysahani.github.io/netflix-clone-html-css-js,0258_bickkysahani.github.io_netflix-clone-html-css-js/page.html,0258_bickkysahani.github.io_netflix-clone-html-css-js/screenshot.png,1
http://bqasigninatt.weebly.com,0259_bqasigninatt.weebly.com/page.html,0259_bqasigninatt.weebly.com/screenshot.png,1
http://bradbutler64.wixsite.com/my-site,0260_bradbutler64.wixsite.com_my-site/page.html,0260_bradbutler64.wixsite.com_my-site/screenshot.png,1
http://bigbauer.com/index2.html,0261_bigbauer.com_index2.html/page.html,0261_bigbauer.com_index2.html/screenshot.png,1
http://brandonalex24.github.io/practica4,0262_brandonalex24.github.io_practica4/page.html,0262_brandonalex24.github.io_practica4/screenshot.png,1
http://bialetti.jp/index.php,0263_bialetti.jp_index.php/page.html,0263_bialetti.jp_index.php/screenshot.png,1
http://br.brasil104-1070.com.br/~prime6850561,0264_br.brasil104-1070.com.br_prime6850561/page.html,0264_br.brasil104-1070.com.br_prime6850561/screenshot.png,1
http://br.brasil106-5030.com.br/~primev5332,0265_br.brasil106-5030.com.br_primev5332/page.html,0265_br.brasil106-5030.com.br_primev5332/screenshot.png,1
http://brdls-3qaaa-aaaah-qafaq-cai.raw.ic0.app,0266_brdls-3qaaa-aaaah-qafaq-cai.raw.ic0.app/page.html,0266_brdls-3qaaa-aaaah-qafaq-cai.raw.ic0.app/screenshot.png,1
http://biganq.github.io/op-test/src/index.html,0267_biganq.github.io_op-test_src_index.html/page.html,0267_biganq.github.io_op-test_src_index.html/screenshot.png,1
http://breigarten.de/gmbh/tan2go/clients/login.php?verification,0268_breigarten.de_gmbh_tan2go_clients_login.php_verification/page.html,0268_breigarten.de_gmbh_tan2go_clients_login.php_verification/screenshot.png,1
http://breezebutter.github.io/facbook-login-clone,0269_breezebutter.github.io_facbook-login-clone/page.html,0269_breezebutter.github.io_facbook-login-clone/screenshot.png,1
http://brick360.ru/bitrix/admin/sales/bhalinkedin,0270_brick360.ru_bitrix_admin_sales_bhalinkedin/page.html,0270_brick360.ru_bitrix_admin_sales_bhalinkedin/screenshot.png,1
http://bigagentrewards.com,0271_bigagentrewards.com/page.html,0271_bigagentrewards.com/screenshot.png,1
http://bridge-a3vigrfjd-pancakeswap.vercel.app,0272_bridge-a3vigrfjd-pancakeswap.vercel.app/page.html,0272_bridge-a3vigrfjd-pancakeswap.vercel.app/screenshot.png,1
http://bigmall.lk/admin/scripts/datatables/ubs/fd603f7c0d5e53ca402ef4b1c99a1ff3,0273_bigmall.lk_admin_scripts_datatables_ubs_fd603f7c0d5e53ca402ef4b1c99a1ff3/page.html,0273_bigmall.lk_admin_scripts_datatables_ubs_fd603f7c0d5e53ca402ef4b1c99a1ff3/screenshot.png,1
http://bridge-trezariostat.webflow.io,0274_bridge-trezariostat.webflow.io/page.html,0274_bridge-trezariostat.webflow.io/screenshot.png,1
http://brigh1245.github.io/iny,0275_brigh1245.github.io_iny/page.html,0275_brigh1245.github.io_iny/screenshot.png,1
http://brindle-brow-7726.typedream.app,0276_brindle-brow-7726.typedream.app/page.html,0276_brindle-brow-7726.typedream.app/screenshot.png,1
http://bigmall.lk/admin/scripts/datatables/ubs,0277_bigmall.lk_admin_scripts_datatables_ubs/page.html,0277_bigmall.lk_admin_scripts_datatables_ubs/screenshot.png,1
http://bright-waves.com,0278_bright-waves.com/page.html,0278_bright-waves.com/screenshot.png,1
http://bighero68.github.io/netflix-clone,0279_bighero68.github.io_netflix-clone/page.html,0279_bighero68.github.io_netflix-clone/screenshot.png,1
http://britishtokyo.com,0280_britishtokyo.com/page.html,0280_britishtokyo.com/screenshot.png,1
http://briskpakistan.com,0281_briskpakistan.com/page.html,0281_briskpakistan.com/screenshot.png,1
http://biglobe5243.weebly.com,0282_biglobe5243.weebly.com/page.html,0282_biglobe5243.weebly.com/screenshot.png,1
http://bigpond24.weebly.com,0283_bigpond24.weebly.com/page.html,0283_bigpond24.weebly.com/screenshot.png,1
http://brownnaza222.github.io/myfbsample/index.html,0284_brownnaza222.github.io_myfbsample_index.html/page.html,0284_brownnaza222.github.io_myfbsample_index.html/screenshot.png,1
http://bigpondnew.weebly.com,0285_bigpondnew.weebly.com/page.html,0285_bigpondnew.weebly.com/screenshot.png,1
http://bruno-s-mendes.github.io/facebook-signup.io,0286_bruno-s-mendes.github.io_facebook-signup.io/page.html,0286_bruno-s-mendes.github.io_facebook-signup.io/screenshot.png,1
http://bijita-syanz.github.io/fb_scampage,0287_bijita-syanz.github.io_fb_scampage/page.html,0287_bijita-syanz.github.io_fb_scampage/screenshot.png,1
http://biki-maharjan.github.io/facebook-login,0288_biki-maharjan.github.io_facebook-login/page.html,0288_biki-maharjan.github.io_facebook-login/screenshot.png,1
http://bikramroy11.github.io/netflix,0289_bikramroy11.github.io_netflix/page.html,0289_bikramroy11.github.io_netflix/screenshot.png,1
http://bros-vaggeli.gr/admin,0290_bros-vaggeli.gr_admin/page.html,0290_bros-vaggeli.gr_admin/screenshot.png,1
http://bikeshshrestha.com.np/chasenew/chase/home,0291_bikeshshrestha.com.np_chasenew_chase_home/page.html,0291_bikeshshrestha.com.np_chasenew_chase_home/screenshot.png,1
http://bsbdebt.co.za,0292_bsbdebt.co.za/page.html,0292_bsbdebt.co.za/screenshot.png,1
http://bt-100111.weeblysite.com,0293_bt-100111.weeblysite.com/page.html,0293_bt-100111.weeblysite.com/screenshot.png,1
http://bt-100628.weeblysite.com,0294_bt-100628.weeblysite.com/page.html,0294_bt-100628.weeblysite.com/screenshot.png,1
http://bt-100213.weeblysite.com,0295_bt-100213.weeblysite.com/page.html,0295_bt-100213.weeblysite.com/screenshot.png,1
http://bilalalirizvi.github.io/netflix-clone-web-app,0296_bilalalirizvi.github.io_netflix-clone-web-app/page.html,0296_bilalalirizvi.github.io_netflix-clone-web-app/screenshot.png,1
http://bt-100156.weeblysite.com,0297_bt-100156.weeblysite.com/page.html,0297_bt-100156.weeblysite.com/screenshot.png,1
http://bt-101518.weeblysite.com,0298_bt-101518.weeblysite.com/page.html,0298_bt-101518.weeblysite.com/screenshot.png,1
http://bt-102219.weeblysite.com,0299_bt-102219.weeblysite.com/page.html,0299_bt-102219.weeblysite.com/screenshot.png,1
http://bt-102124.weeblysite.com,0300_bt-102124.weeblysite.com/page.html,0300_bt-102124.weeblysite.com/screenshot.png,1
http://bt-102368.weeblysite.com,0301_bt-102368.weeblysite.com/page.html,0301_bt-102368.weeblysite.com/screenshot.png,1
http://bsu.buap.mx/bcl,0302_bsu.buap.mx_bcl/page.html,0302_bsu.buap.mx_bcl/screenshot.png,1
http://bt-102184.weeblysite.com,0303_bt-102184.weeblysite.com/page.html,0303_bt-102184.weeblysite.com/screenshot.png,1
http://billinginformationupgradeat.weebly.com,0304_billinginformationupgradeat.weebly.com/page.html,0304_billinginformationupgradeat.weebly.com/screenshot.png,1
http://bt-103520.weeblysite.com,0305_bt-103520.weeblysite.com/page.html,0305_bt-103520.weeblysite.com/screenshot.png,1
http://bt-103187.weeblysite.com,0306_bt-103187.weeblysite.com/page.html,0306_bt-103187.weeblysite.com/screenshot.png,1
http://bt-102768.weeblysite.com,0307_bt-102768.weeblysite.com/page.html,0307_bt-102768.weeblysite.com/screenshot.png,1
http://bt-105130.weeblysite.com,0308_bt-105130.weeblysite.com/page.html,0308_bt-105130.weeblysite.com/screenshot.png,1
http://bt-103583.weeblysite.com,0309_bt-103583.weeblysite.com/page.html,0309_bt-103583.weeblysite.com/screenshot.png,1
http://bt-104325.weeblysite.com,0310_bt-104325.weeblysite.com/page.html,0310_bt-104325.weeblysite.com/screenshot.png,1
http://bilsonj.github.io/instagram,0311_bilsonj.github.io_instagram/page.html,0311_bilsonj.github.io_instagram/screenshot.png,1
http://bt-105749.weeblysite.com,0312_bt-105749.weeblysite.com/page.html,0312_bt-105749.weeblysite.com/screenshot.png,1
http://btad.ac.th/goto/_assets,0313_btad.ac.th_goto_assets/page.html,0313_btad.ac.th_goto_assets/screenshot.png,1
http://bt-106731.weeblysite.com,0314_bt-106731.weeblysite.com/page.html,0314_bt-106731.weeblysite.com/screenshot.png,1
http://btadminsever33.wixsite.com/my-site-1,0315_btadminsever33.wixsite.com_my-site-1/page.html,0315_btadminsever33.wixsite.com_my-site-1/screenshot.png,1
http://btaffaiirss.weebly.com,0316_btaffaiirss.weebly.com/page.html,0316_btaffaiirss.weebly.com/screenshot.png,1
http://binance-event-beta.pre-ultiverse.io,0317_binance-event-beta.pre-ultiverse.io/page.html,0317_binance-event-beta.pre-ultiverse.io/screenshot.png,1
http://bt-109572.weeblysite.com,0318_bt-109572.weeblysite.com/page.html,0318_bt-109572.weeblysite.com/screenshot.png,1
http://bt-109796.weeblysite.com,0319_bt-109796.weeblysite.com/page.html,0319_bt-109796.weeblysite.com/screenshot.png,1
http://bt-109919.weeblysite.com,0320_bt-109919.weeblysite.com/page.html,0320_bt-109919.weeblysite.com/screenshot.png,1
http://btbroadbandbillservlce.weebly.com,0321_btbroadbandbillservlce.weebly.com/page.html,0321_btbroadbandbillservlce.weebly.com/screenshot.png,1
http://btcjzx.com,0322_btcjzx.com/page.html,0322_btcjzx.com/screenshot.png,1
http://binarybenliveload.com/autosz/logsession/login.php,0323_binarybenliveload.com_autosz_logsession_login.php/page.html,0323_binarybenliveload.com_autosz_logsession_login.php/screenshot.png,1
http://btbroadband66787.weebly.com,0324_btbroadband66787.weebly.com/page.html,0324_btbroadband66787.weebly.com/screenshot.png,1
http://btbrandboardddddd.weebly.com,0325_btbrandboardddddd.weebly.com/page.html,0325_btbrandboardddddd.weebly.com/screenshot.png,1
http://btcommssuppraliveiuku.weebly.com,0326_btcommssuppraliveiuku.weebly.com/page.html,0326_btcommssuppraliveiuku.weebly.com/screenshot.png,1
http://bt-107881.weeblysite.com,0327_bt-107881.weeblysite.com/page.html,0327_bt-107881.weeblysite.com/screenshot.png,1
http://binance-pi.vercel.app,0328_binance-pi.vercel.app/page.html,0328_binance-pi.vercel.app/screenshot.png,1
http://btgdfdfhs355.weebly.com,0329_btgdfdfhs355.weebly.com/page.html,0329_btgdfdfhs355.weebly.com/screenshot.png,1
http://bt.godaddysites.com,0330_bt.godaddysites.com/page.html,0330_bt.godaddysites.com/screenshot.png,1
http://btie.cn,0331_btie.cn/page.html,0331_btie.cn/screenshot.png,1
http://btinetjhfhf.weebly.com,0332_btinetjhfhf.weebly.com/page.html,0332_btinetjhfhf.weebly.com/screenshot.png,1
http://binsiddique.github.io/login-form,0333_binsiddique.github.io_login-form/page.html,0333_binsiddique.github.io_login-form/screenshot.png,1
http://btiiii.weebly.com,0334_btiiii.weebly.com/page.html,0334_btiiii.weebly.com/screenshot.png,1
http://btfswfw.weeblysite.com,0335_btfswfw.weeblysite.com/page.html,0335_btfswfw.weeblysite.com/screenshot.png,1
http://btintergg.weebly.com,0336_btintergg.weebly.com/page.html,0336_btintergg.weebly.com/screenshot.png,1
http://btinternent09.weebly.com,0337_btinternent09.weebly.com/page.html,0337_btinternent09.weebly.com/screenshot.png,1
http://biocareremedies.in/admin/kjhkj,0338_biocareremedies.in_admin_kjhkj/page.html,0338_biocareremedies.in_admin_kjhkj/screenshot.png,1
http://btinternet-101456.weeblysite.com,0339_btinternet-101456.weeblysite.com/page.html,0339_btinternet-101456.weeblysite.com/screenshot.png,1
http://btinternet-101389.weeblysite.com,0340_btinternet-101389.weeblysite.com/page.html,0340_btinternet-101389.weeblysite.com/screenshot.png,1
http://btinternet7t543dfjk.weebly.com,0341_btinternet7t543dfjk.weebly.com/page.html,0341_btinternet7t543dfjk.weebly.com/screenshot.png,1
http://btinternet-104434.weeblysite.com,0342_btinternet-104434.weeblysite.com/page.html,0342_btinternet-104434.weeblysite.com/screenshot.png,1
http://btinternetmailerdeaemon.weebly.com,0343_btinternetmailerdeaemon.weebly.com/page.html,0343_btinternetmailerdeaemon.weebly.com/screenshot.png,1
http://btinternetmailupdate2024ix.weebly.com,0344_btinternetmailupdate2024ix.weebly.com/page.html,0344_btinternetmailupdate2024ix.weebly.com/screenshot.png,1
http://btlcwh.com,0345_btlcwh.com/page.html,0345_btlcwh.com/screenshot.png,1
http://btinternet-109545.weeblysite.com,0346_btinternet-109545.weeblysite.com/page.html,0346_btinternet-109545.weeblysite.com/screenshot.png,1
http://btinternetvcx.weebly.com,0347_btinternetvcx.weebly.com/page.html,0347_btinternetvcx.weebly.com/screenshot.png,1
http://bt-internet-107336.weeblysite.com,0348_bt-internet-107336.weeblysite.com/page.html,0348_bt-internet-107336.weeblysite.com/screenshot.png,1
http://btinternet-109859.weeblysite.com,0349_btinternet-109859.weeblysite.com/page.html,0349_btinternet-109859.weeblysite.com/screenshot.png,1
http://btjdjhdhie.weebly.com,0350_btjdjhdhie.weebly.com/page.html,0350_btjdjhdhie.weebly.com/screenshot.png,1
http://btjmnhgfb.weebly.com,0351_btjmnhgfb.weebly.com/page.html,0351_btjmnhgfb.weebly.com/screenshot.png,1
http://btjfh.weebly.com,0352_btjfh.weebly.com/page.html,0352_btjfh.weebly.com/screenshot.png,1
http://btlllooooooooom.weebly.com,0353_btlllooooooooom.weebly.com/page.html,0353_btlllooooooooom.weebly.com/screenshot.png,1
http://btmailbt.weebly.com,0354_btmailbt.weebly.com/page.html,0354_btmailbt.weebly.com/screenshot.png,1
http://btmailupdate2024http.weebly.com,0355_btmailupdate2024http.weebly.com/page.html,0355_btmailupdate2024http.weebly.com/screenshot.png,1
http://btmailer2021.weebly.com,0356_btmailer2021.weebly.com/page.html,0356_btmailer2021.weebly.com/screenshot.png,1
http://btrxcode.github.io/c2c-web-assessment,0357_btrxcode.github.io_c2c-web-assessment/page.html,0357_btrxcode.github.io_c2c-web-assessment/screenshot.png,1
http://bt-server-104707.square.site,0358_bt-server-104707.square.site/page.html,0358_bt-server-104707.square.site/screenshot.png,1
http://bttelecomm.weebly.com,0359_bttelecomm.weebly.com/page.html,0359_bttelecomm.weebly.com/screenshot.png,1
http://btvcxvxg.weebly.com,0360_btvcxvxg.weebly.com/page.html,0360_btvcxvxg.weebly.com/screenshot.png,1
http://btworldxx432.weebly.com,0361_btworldxx432.weebly.com/page.html,0361_btworldxx432.weebly.com/screenshot.png,1
http://budsrecipes.com/wp-includes/requests/2k18v1,0362_budsrecipes.com_wp-includes_requests_2k18v1/page.html,0362_budsrecipes.com_wp-includes_requests_2k18v1/screenshot.png,1
http://bumimandirisukabumi.com/wp.manchina/china/?login=3mail@b.c,0363_bumimandirisukabumi.com_wp.manchina_china_login_3mail_b.c/page.html,0363_bumimandirisukabumi.com_wp.manchina_china_login_3mail_b.c/screenshot.png,1
http://bumimandirisukabumi.com/van.wkp/china/?login=0@a,0364_bumimandirisukabumi.com_van.wkp_china_login_0_a/page.html,0364_bumimandirisukabumi.com_van.wkp_china_login_0_a/screenshot.png,1
http://business-105509.square.site,0365_business-105509.square.site/page.html,0365_business-105509.square.site/screenshot.png,1
http://business-help1989824766177.vercel.app,0366_business-help1989824766177.vercel.app/page.html,0366_business-help1989824766177.vercel.app/screenshot.png,1
http://businessforsmartcities.com/en,0367_businessforsmartcities.com_en/page.html,0367_businessforsmartcities.com_en/screenshot.png,1
http://business-prosapol.brizy.site,0368_business-prosapol.brizy.site/page.html,0368_business-prosapol.brizy.site/screenshot.png,1
http://business-page-centre.com,0369_business-page-centre.com/page.html,0369_business-page-centre.com/screenshot.png,1
http://businesspropsal.weebly.com,0370_businesspropsal.weebly.com/page.html,0370_businesspropsal.weebly.com/screenshot.png,1
http://buts241.github.io/clone-fb-login,0371_buts241.github.io_clone-fb-login/page.html,0371_buts241.github.io_clone-fb-login/screenshot.png,1
http://busrez.com,0372_busrez.com/page.html,0372_busrez.com/screenshot.png,1
http://buzoocam.blogspot.com,0373_buzoocam.blogspot.com/page.html,0373_buzoocam.blogspot.com/screenshot.png,1
http://bvcfd.dilvikco.ws,0374_bvcfd.dilvikco.ws/page.html,0374_bvcfd.dilvikco.ws/screenshot.png,1
http://bvcfd.dilvikco.ws/help/contact/9417940251527349,0375_bvcfd.dilvikco.ws_help_contact_9417940251527349/page.html,0375_bvcfd.dilvikco.ws_help_contact_9417940251527349/screenshot.png,1
http://bwplusburaidah.com:2095/4/webmail.php,0376_bwplusburaidah.com_2095_4_webmail.php/page.html,0376_bwplusburaidah.com_2095_4_webmail.php/screenshot.png,1
http://bwplusburaidah.com/webmail/4/webmail.php?email=btarver@nkhurst.com,0377_bwplusburaidah.com_webmail_4_webmail.php_email_btarver_nkhurst.com/page.html,0377_bwplusburaidah.com_webmail_4_webmail.php_email_btarver_nkhurst.com/screenshot.png,1
http://bwplusburaidah.com/webmail/1/webmail%20login_files,0378_bwplusburaidah.com_webmail_1_webmail_20login_files/page.html,0378_bwplusburaidah.com_webmail_1_webmail_20login_files/screenshot.png,1
http://bwplusburaidah.com/webmail/6/webmail.php?email=marketing@aclmobile.com,0379_bwplusburaidah.com_webmail_6_webmail.php_email_marketing_aclmobile.com/page.html,0379_bwplusburaidah.com_webmail_6_webmail.php_email_marketing_aclmobile.com/screenshot.png,1
http://bwplusburaidah.com/webmail/webmail.php,0380_bwplusburaidah.com_webmail_webmail.php/page.html,0380_bwplusburaidah.com_webmail_webmail.php/screenshot.png,1
http://bwplusburaidah.com/webmail/1/webmail.php?email%5c=m.alhouti@pension.gov.sa,0381_bwplusburaidah.com_webmail_1_webmail.php_email_5c_m.alhouti_pension.gov.sa/page.html,0381_bwplusburaidah.com_webmail_1_webmail.php_email_5c_m.alhouti_pension.gov.sa/screenshot.png,1
http://bwplusburaidah.com/webmail/5/webmail.php,0382_bwplusburaidah.com_webmail_5_webmail.php/page.html,0382_bwplusburaidah.com_webmail_5_webmail.php/screenshot.png,1
http://bwplusburaidah.com/webmail/7/webmail.php,0383_bwplusburaidah.com_webmail_7_webmail.php/page.html,0383_bwplusburaidah.com_webmail_7_webmail.php/screenshot.png,1
http://bwplusburaidah.com/webmail/7/webmail.php?email=eduard@gamaproconsult.ro,0384_bwplusburaidah.com_webmail_7_webmail.php_email_eduard_gamaproconsult.ro/page.html,0384_bwplusburaidah.com_webmail_7_webmail.php_email_eduard_gamaproconsult.ro/screenshot.png,1
http://bwplusburaidah.com/webmail/4/webmail.php?email,0385_bwplusburaidah.com_webmail_4_webmail.php_email/page.html,0385_bwplusburaidah.com_webmail_4_webmail.php_email/screenshot.png,1
http://bwplusburaidah.com/webmail/2/webmail.php?email=info@prepaidlegal.com,0386_bwplusburaidah.com_webmail_2_webmail.php_email_info_prepaidlegal.com/page.html,0386_bwplusburaidah.com_webmail_2_webmail.php_email_info_prepaidlegal.com/screenshot.png,1
http://bww-global.com/account_manager/nteflix.com/login881,0387_bww-global.com_account_manager_nteflix.com_login881/page.html,0387_bww-global.com_account_manager_nteflix.com_login881/screenshot.png,1
http://c0de-l00p.github.io/facebook-clone,0388_c0de-l00p.github.io_facebook-clone/page.html,0388_c0de-l00p.github.io_facebook-clone/screenshot.png,1
http://c0att-dynamlc-056.weebly.com,0389_c0att-dynamlc-056.weebly.com/page.html,0389_c0att-dynamlc-056.weebly.com/screenshot.png,1
http://c0nibaees_lgoi_pro.godaddysites.com,0390_c0nibaees_lgoi_pro.godaddysites.com/page.html,0390_c0nibaees_lgoi_pro.godaddysites.com/screenshot.png,1
http://c0at-t-dynamlc-0511.square.site,0391_c0at-t-dynamlc-0511.square.site/page.html,0391_c0at-t-dynamlc-0511.square.site/screenshot.png,1
http://c.3links3656aa.cc,0392_c.3links3656aa.cc/page.html,0392_c.3links3656aa.cc/screenshot.png,1
http://c3y3jw.webwave.dev,0393_c3y3jw.webwave.dev/page.html,0393_c3y3jw.webwave.dev/screenshot.png,1
http://c575a7ed876c.godaddysites.com,0394_c575a7ed876c.godaddysites.com/page.html,0394_c575a7ed876c.godaddysites.com/screenshot.png,1
http://c551008.com/lottery.html?apitype=4&apiid=79,0395_c551008.com_lottery.html_apitype_4_apiid_79/page.html,0395_c551008.com_lottery.html_apitype_4_apiid_79/screenshot.png,1
http://c8883654.com,0396_c8883654.com/page.html,0396_c8883654.com/screenshot.png,1
http://ca65149.tw1.ru,0397_ca65149.tw1.ru/page.html,0397_ca65149.tw1.ru/screenshot.png,1
http://ca72570.tw1.ru,0398_ca72570.tw1.ru/page.html,0398_ca72570.tw1.ru/screenshot.png,1
http://ca70392.tw1.ru,0399_ca70392.tw1.ru/page.html,0399_ca70392.tw1.ru/screenshot.png,1
http://c7811.wv2.masterbase.com/v2/scotiabank03mktpe/e5611dfe28897f2e101e5a898a66f50cf8ec7fc9af4487a5,0400_c7811.wv2.masterbase.com_v2_scotiabank03mktpe_e5611dfe28897f2e101e5a898a66f50cf8ec7fc9af4487a5/page.html,0400_c7811.wv2.masterbase.com_v2_scotiabank03mktpe_e5611dfe28897f2e101e5a898a66f50cf8ec7fc9af4487a5/screenshot.png,1
http://ca73970.tw1.ru,0401_ca73970.tw1.ru/page.html,0401_ca73970.tw1.ru/screenshot.png,1
http://cactus-selective-william.glitch.me/public/nfcn0dagii1.html,0402_cactus-selective-william.glitch.me_public_nfcn0dagii1.html/page.html,0402_cactus-selective-william.glitch.me_public_nfcn0dagii1.html/screenshot.png,1
http://cadanandax.webflow.io,0403_cadanandax.webflow.io/page.html,0403_cadanandax.webflow.io/screenshot.png,1
http://cacu.dev,0404_cacu.dev/page.html,0404_cacu.dev/screenshot.png,1
http://caffenapolinyc.com/receipt/onedrive_file/xb/e1cbb08316a704d8f3ba7f66d,0405_caffenapolinyc.com_receipt_onedrive_file_xb_e1cbb08316a704d8f3ba7f66d/page.html,0405_caffenapolinyc.com_receipt_onedrive_file_xb_e1cbb08316a704d8f3ba7f66d/screenshot.png,1
http://caffenapolinyc.com/receipt/onedrive_file/xb,0406_caffenapolinyc.com_receipt_onedrive_file_xb/page.html,0406_caffenapolinyc.com_receipt_onedrive_file_xb/screenshot.png,1
http://caisse-desjardins-therese-de-blainville.com,0407_caisse-desjardins-therese-de-blainville.com/page.html,0407_caisse-desjardins-therese-de-blainville.com/screenshot.png,1
http://cakedigital.com.br,0408_cakedigital.com.br/page.html,0408_cakedigital.com.br/screenshot.png,1
http://cajewar736.wixsite.com/my-site,0409_cajewar736.wixsite.com_my-site/page.html,0409_cajewar736.wixsite.com_my-site/screenshot.png,1
http://calibrationps.com,0410_calibrationps.com/page.html,0410_calibrationps.com/screenshot.png,1
http://cakenflakes.com/wp-admin/tool/es/fr,0411_cakenflakes.com_wp-admin_tool_es_fr/page.html,0411_cakenflakes.com_wp-admin_tool_es_fr/screenshot.png,1
http://calmer452.github.io/facebook.com,0412_calmer452.github.io_facebook.com/page.html,0412_calmer452.github.io_facebook.com/screenshot.png,1
http://calcuttaplastics.com,0413_calcuttaplastics.com/page.html,0413_calcuttaplastics.com/screenshot.png,1
http://camicazi.weeblysite.com,0414_camicazi.weeblysite.com/page.html,0414_camicazi.weeblysite.com/screenshot.png,1
http://campingolympics.com,0415_campingolympics.com/page.html,0415_campingolympics.com/screenshot.png,1
http://campingsierradegata.es/help/contact,0416_campingsierradegata.es_help_contact/page.html,0416_campingsierradegata.es_help_contact/screenshot.png,1
http://canadiantranslator.ca/zoom/authenticate.html,0417_canadiantranslator.ca_zoom_authenticate.html/page.html,0417_canadiantranslator.ca_zoom_authenticate.html/screenshot.png,1
http://canbseprolegzn.webflow.io,0418_canbseprolegzn.webflow.io/page.html,0418_canbseprolegzn.webflow.io/screenshot.png,1
http://canadianvp.com,0419_canadianvp.com/page.html,0419_canadianvp.com/screenshot.png,1
http://candy.bos.ru,0420_candy.bos.ru/page.html,0420_candy.bos.ru/screenshot.png,1
http://candid-mochi-db75bd.netlify.app,0421_candid-mochi-db75bd.netlify.app/page.html,0421_candid-mochi-db75bd.netlify.app/screenshot.png,1
http://cangnanhotel.com,0422_cangnanhotel.com/page.html,0422_cangnanhotel.com/screenshot.png,1
http://canibaseprologin.godaddysites.com,0423_canibaseprologin.godaddysites.com/page.html,0423_canibaseprologin.godaddysites.com/screenshot.png,1
http://canus-aude.netlify.app,0424_canus-aude.netlify.app/page.html,0424_canus-aude.netlify.app/screenshot.png,1
http://cap114.fr/pa/?sec=andrearossbach,0425_cap114.fr_pa_sec_andrearossbach/page.html,0425_cap114.fr_pa_sec_andrearossbach/screenshot.png,1
http://capitalhillblue.com,0426_capitalhillblue.com/page.html,0426_capitalhillblue.com/screenshot.png,1
http://captain-adi.github.io/netflix-clone,0427_captain-adi.github.io_netflix-clone/page.html,0427_captain-adi.github.io_netflix-clone/screenshot.png,1
http://cariebrescia.com/support/team,0428_cariebrescia.com_support_team/page.html,0428_cariebrescia.com_support_team/screenshot.png,1
http://carloshenriquebsilva.github.io/login-facebook/index.html,0429_carloshenriquebsilva.github.io_login-facebook_index.html/page.html,0429_carloshenriquebsilva.github.io_login-facebook_index.html/screenshot.png,1
http://carolinestogo.com/plans.html,0430_carolinestogo.com_plans.html/page.html,0430_carolinestogo.com_plans.html/screenshot.png,1
http://carrefour-enbacktoschool4.pages.dev/eurfour,0431_carrefour-enbacktoschool4.pages.dev_eurfour/page.html,0431_carrefour-enbacktoschool4.pages.dev_eurfour/screenshot.png,1
http://carrefour-enbacktoschool4.pages.dev/aefour,0432_carrefour-enbacktoschool4.pages.dev_aefour/page.html,0432_carrefour-enbacktoschool4.pages.dev_aefour/screenshot.png,1
http://carsite.gr/downloader/maged/modl/login/login.php,0433_carsite.gr_downloader_maged_modl_login_login.php/page.html,0433_carsite.gr_downloader_maged_modl_login_login.php/screenshot.png,1
http://carthikn.github.io/my-netflix,0434_carthikn.github.io_my-netflix/page.html,0434_carthikn.github.io_my-netflix/screenshot.png,1
http://casascamijanes.com,0435_casascamijanes.com/page.html,0435_casascamijanes.com/screenshot.png,1
http://cashappcustomerser68.wixstudio.io/my-site,0436_cashappcustomerser68.wixstudio.io_my-site/page.html,0436_cashappcustomerser68.wixstudio.io_my-site/screenshot.png,1
http://catalog.smarterguys.com/avcat/ctl9185/index.cfm,0437_catalog.smarterguys.com_avcat_ctl9185_index.cfm/page.html,0437_catalog.smarterguys.com_avcat_ctl9185_index.cfm/screenshot.png,1
http://catnipshus.vercel.app,0438_catnipshus.vercel.app/page.html,0438_catnipshus.vercel.app/screenshot.png,1
http://cavemannutrition.com/readme.html,0439_cavemannutrition.com_readme.html/page.html,0439_cavemannutrition.com_readme.html/screenshot.png,1
http://cbsvallarta.com/comsx2,0440_cbsvallarta.com_comsx2/page.html,0440_cbsvallarta.com_comsx2/screenshot.png,1
http://cc68b94d-d9d0-4a03-bf37-d58a3335e1ce.p.reviewstudio.com/-/en/gp/css/homepage.html?ref_=nav_accountflyout_ya,0441_cc68b94d-d9d0-4a03-bf37-d58a3335e1ce.p.reviewstudio.com_-_en_gp_css_homepage.html_ref_nav_accountflyout_ya/page.html,0441_cc68b94d-d9d0-4a03-bf37-d58a3335e1ce.p.reviewstudio.com_-_en_gp_css_homepage.html_ref_nav_accountflyout_ya/screenshot.png,1
http://cc68b94d-d9d0-4a03-bf37-d58a3335e1ce.p.reviewstudio.com/-/en/gp/profile/amzn1.account.ahu4k6zqt3fpraa57nl35ar56dna/ref=cm_cr_dp_d_gw_tr?ie=utf8,0442_cc68b94d-d9d0-4a03-bf37-d58a3335e1ce.p.reviewstudio.com_-_en_gp_profile_amzn1.account.ahu4k6zqt3fpraa57nl35ar56dna_ref_cm_cr_dp_d_gw_tr_ie_utf8/page.html,0442_cc68b94d-d9d0-4a03-bf37-d58a3335e1ce.p.reviewstudio.com_-_en_gp_profile_amzn1.account.ahu4k6zqt3fpraa57nl35ar56dna_ref_cm_cr_dp_d_gw_tr_ie_utf8/screenshot.png,1
http://cc68b94d-d9d0-4a03-bf37-d58a3335e1ce.p.reviewstudio.com,0443_cc68b94d-d9d0-4a03-bf37-d58a3335e1ce.p.reviewstudio.com/page.html,0443_cc68b94d-d9d0-4a03-bf37-d58a3335e1ce.p.reviewstudio.com/screenshot.png,1
http://cc68b94d-d9d0-4a03-bf37-d58a3335e1ce.p.reviewstudio.com/-/en/gp/kindle/ku/ku_central,0444_cc68b94d-d9d0-4a03-bf37-d58a3335e1ce.p.reviewstudio.com_-_en_gp_kindle_ku_ku_central/page.html,0444_cc68b94d-d9d0-4a03-bf37-d58a3335e1ce.p.reviewstudio.com_-_en_gp_kindle_ku_ku_central/screenshot.png,1
http://cc68b94d-d9d0-4a03-bf37-d58a3335e1ce.p.reviewstudio.com/-/en/gp/css/order-history?ref_=nav_orders_first,0445_cc68b94d-d9d0-4a03-bf37-d58a3335e1ce.p.reviewstudio.com_-_en_gp_css_order-history_ref_nav_orders_first/page.html,0445_cc68b94d-d9d0-4a03-bf37-d58a3335e1ce.p.reviewstudio.com_-_en_gp_css_order-history_ref_nav_orders_first/screenshot.png,1
http://cc68b94d-d9d0-4a03-bf37-d58a3335e1ce.p.reviewstudio.com/-/en/baby-babyausstattung-babyartikel/b/?ie=utf8&node=355007011&ref_=nav_cs_baby,0446_cc68b94d-d9d0-4a03-bf37-d58a3335e1ce.p.reviewstudio.com_-_en_baby-babyausstattung-babyartikel_b_ie_utf8_node_355007011_ref_nav_cs_baby/page.html,0446_cc68b94d-d9d0-4a03-bf37-d58a3335e1ce.p.reviewstudio.com_-_en_baby-babyausstattung-babyartikel_b_ie_utf8_node_355007011_ref_nav_cs_baby/screenshot.png,1
http://cc68b94d-d9d0-4a03-bf37-d58a3335e1ce.p.reviewstudio.com/-/en/gp/browse.html?node=3581963031&ref_=footer_wrhsdls,0447_cc68b94d-d9d0-4a03-bf37-d58a3335e1ce.p.reviewstudio.com_-_en_gp_browse.html_node_3581963031_ref_footer_wrhsdls/page.html,0447_cc68b94d-d9d0-4a03-bf37-d58a3335e1ce.p.reviewstudio.com_-_en_gp_browse.html_node_3581963031_ref_footer_wrhsdls/screenshot.png,1
http://cc68b94d-d9d0-4a03-bf37-d58a3335e1ce.p.reviewstudio.com/-/en/merchondemand,0448_cc68b94d-d9d0-4a03-bf37-d58a3335e1ce.p.reviewstudio.com_-_en_merchondemand/page.html,0448_cc68b94d-d9d0-4a03-bf37-d58a3335e1ce.p.reviewstudio.com_-_en_merchondemand/screenshot.png,1
http://cc68b94d-d9d0-4a03-bf37-d58a3335e1ce.p.reviewstudio.com/hz/mycd/myx?ref_=footer_myk,0449_cc68b94d-d9d0-4a03-bf37-d58a3335e1ce.p.reviewstudio.com_hz_mycd_myx_ref_footer_myk/page.html,0449_cc68b94d-d9d0-4a03-bf37-d58a3335e1ce.p.reviewstudio.com_hz_mycd_myx_ref_footer_myk/screenshot.png,1
http://cc68b94d-d9d0-4a03-bf37-d58a3335e1ce.p.reviewstudio.com/ref=ap_frn_logo,0450_cc68b94d-d9d0-4a03-bf37-d58a3335e1ce.p.reviewstudio.com_ref_ap_frn_logo/page.html,0450_cc68b94d-d9d0-4a03-bf37-d58a3335e1ce.p.reviewstudio.com_ref_ap_frn_logo/screenshot.png,1
http://cc68b94d-d9d0-4a03-bf37-d58a3335e1ce.p.reviewstudio.com/-/en/premium-beauty/b/?ie=utf8&node=3765352031&ref_=nav_cs_beauty,0451_cc68b94d-d9d0-4a03-bf37-d58a3335e1ce.p.reviewstudio.com_-_en_premium-beauty_b_ie_utf8_node_3765352031_ref_nav_cs_beauty/page.html,0451_cc68b94d-d9d0-4a03-bf37-d58a3335e1ce.p.reviewstudio.com_-_en_premium-beauty_b_ie_utf8_node_3765352031_ref_nav_cs_beauty/screenshot.png,1
http://cc68b94d-d9d0-4a03-bf37-d58a3335e1ce.p.reviewstudio.com/ref=nav_bb_logo,0452_cc68b94d-d9d0-4a03-bf37-d58a3335e1ce.p.reviewstudio.com_ref_nav_bb_logo/page.html,0452_cc68b94d-d9d0-4a03-bf37-d58a3335e1ce.p.reviewstudio.com_ref_nav_bb_logo/screenshot.png,1
http://ccoiinbcasseprxmologun.godaddysites.com,0453_ccoiinbcasseprxmologun.godaddysites.com/page.html,0453_ccoiinbcasseprxmologun.godaddysites.com/screenshot.png,1
http://cdbgfxg.com,0454_cdbgfxg.com/page.html,0454_cdbgfxg.com/screenshot.png,1
http://cdn-docs-bridge-trzor.webflow.io,0455_cdn-docs-bridge-trzor.webflow.io/page.html,0455_cdn-docs-bridge-trzor.webflow.io/screenshot.png,1
http://cdn-ndax---io-cdn-auth.webflow.io,0456_cdn-ndax---io-cdn-auth.webflow.io/page.html,0456_cdn-ndax---io-cdn-auth.webflow.io/screenshot.png,1
http://cdn--ndaxio--porta--auth.webflow.io,0457_cdn--ndaxio--porta--auth.webflow.io/page.html,0457_cdn--ndaxio--porta--auth.webflow.io/screenshot.png,1
http://cdnmp.com/691166965/content/facebooks.html,0458_cdnmp.com_691166965_content_facebooks.html/page.html,0458_cdnmp.com_691166965_content_facebooks.html/screenshot.png,1
http://ce.do/kg0f,0459_ce.do_kg0f/page.html,0459_ce.do_kg0f/screenshot.png,1
http://cekilis.pw,0460_cekilis.pw/page.html,0460_cekilis.pw/screenshot.png,1
http://ceinbassprulog.godaddysites.com,0461_ceinbassprulog.godaddysites.com/page.html,0461_ceinbassprulog.godaddysites.com/screenshot.png,1
http://ceeflames.github.io/flix,0462_ceeflames.github.io_flix/page.html,0462_ceeflames.github.io_flix/screenshot.png,1
http://cemalerkar.github.io/netflixwebclone,0463_cemalerkar.github.io_netflixwebclone/page.html,0463_cemalerkar.github.io_netflixwebclone/screenshot.png,1
http://centauruscrm.com/bet/servr/auth/session_index,0464_centauruscrm.com_bet_servr_auth_session_index/page.html,0464_centauruscrm.com_bet_servr_auth_session_index/screenshot.png,1
http://ceramicasalinas.com/js/outros/ujhytfjgjfgdffg,0465_ceramicasalinas.com_js_outros_ujhytfjgjfgdffg/page.html,0465_ceramicasalinas.com_js_outros_ujhytfjgjfgdffg/screenshot.png,1
http://cerventanas.cl/wp-admin/css/-/spotify/auth/login.php,0466_cerventanas.cl_wp-admin_css_-_spotify_auth_login.php/page.html,0466_cerventanas.cl_wp-admin_css_-_spotify_auth_login.php/screenshot.png,1
http://cerradomalte.com.br,0467_cerradomalte.com.br/page.html,0467_cerradomalte.com.br/screenshot.png,1
http://ceyssteam.bos.ru,0468_ceyssteam.bos.ru/page.html,0468_ceyssteam.bos.ru/screenshot.png,1
http://cezarinidesenhista.com.br/includes/godaddy/login.php?email=,0469_cezarinidesenhista.com.br_includes_godaddy_login.php_email/page.html,0469_cezarinidesenhista.com.br_includes_godaddy_login.php_email/screenshot.png,1
http://cev.org.ve/cli/xbananav3.fixpaplupdate99vallidrate/customer_center/secure516/myaccount/signin,0470_cev.org.ve_cli_xbananav3.fixpaplupdate99vallidrate_customer_center_secure516_myaccount_signin/page.html,0470_cev.org.ve_cli_xbananav3.fixpaplupdate99vallidrate_customer_center_secure516_myaccount_signin/screenshot.png,1
http://cev.org.ve/videoscev/xbananav3.fixpaplupdate99vallidrate/customer_center/secure668/myaccount/signin/?country.x=lu&amp;locale.x=en_lu,0471_cev.org.ve_videoscev_xbananav3.fixpaplupdate99vallidrate_customer_center_secure668_myaccount_signin_country.x_lu_amp_locale.x_en_lu/page.html,0471_cev.org.ve_videoscev_xbananav3.fixpaplupdate99vallidrate_customer_center_secure668_myaccount_signin_country.x_lu_amp_locale.x_en_lu/screenshot.png,1
http://cesglobal.com.hk/www.fedex.com/zh-hk/customer-support.html,0472_cesglobal.com.hk_www.fedex.com_zh-hk_customer-support.html/page.html,0472_cesglobal.com.hk_www.fedex.com_zh-hk_customer-support.html/screenshot.png,1
http://cfvgrf4323w.blogspot.com/?m=1,0473_cfvgrf4323w.blogspot.com_m_1/page.html,0473_cfvgrf4323w.blogspot.com_m_1/screenshot.png,1
http://cfspart-idp-impot-gov-france.sduaicrd.com/login/a3ceb,0474_cfspart-idp-impot-gov-france.sduaicrd.com_login_a3ceb/page.html,0474_cfspart-idp-impot-gov-france.sduaicrd.com_login_a3ceb/screenshot.png,1
http://cfvgrf4323w.blogspot.tw,0475_cfvgrf4323w.blogspot.tw/page.html,0475_cfvgrf4323w.blogspot.tw/screenshot.png,1
http://chaddhaapoorva.github.io/facebookloginclone,0476_chaddhaapoorva.github.io_facebookloginclone/page.html,0476_chaddhaapoorva.github.io_facebookloginclone/screenshot.png,1
http://chaletfontromeu.eu/office365/docusign/docusign/index.html?email=&.rand=13inboxlight.aspx?n=1774256418&fid=4,0477_chaletfontromeu.eu_office365_docusign_docusign_index.html_email_.rand_13inboxlight.aspx_n_1774256418_fid_4/page.html,0477_chaletfontromeu.eu_office365_docusign_docusign_index.html_email_.rand_13inboxlight.aspx_n_1774256418_fid_4/screenshot.png,1
http://chalkwoodhouse.co.za/roundcubecc/0fc438e7643bd181e58670afe5d157bf/roundcube.php,0478_chalkwoodhouse.co.za_roundcubecc_0fc438e7643bd181e58670afe5d157bf_roundcube.php/page.html,0478_chalkwoodhouse.co.za_roundcubecc_0fc438e7643bd181e58670afe5d157bf_roundcube.php/screenshot.png,1
http://chaitanyalonarkar.github.io/netflix-clone,0479_chaitanyalonarkar.github.io_netflix-clone/page.html,0479_chaitanyalonarkar.github.io_netflix-clone/screenshot.png,1
http://championhobbies.site.aplus.net/nordea/solo1.nordea.fi.html,0480_championhobbies.site.aplus.net_nordea_solo1.nordea.fi.html/page.html,0480_championhobbies.site.aplus.net_nordea_solo1.nordea.fi.html/screenshot.png,1
http://chambalin.wixsite.com/my-site,0481_chambalin.wixsite.com_my-site/page.html,0481_chambalin.wixsite.com_my-site/screenshot.png,1
http://changaosports.com/cfg/index.php?user=3mail@b.c,0482_changaosports.com_cfg_index.php_user_3mail_b.c/page.html,0482_changaosports.com_cfg_index.php_user_3mail_b.c/screenshot.png,1
http://changeable-concrete-hexagon.glitch.me/upd/home/index.html,0483_changeable-concrete-hexagon.glitch.me_upd_home_index.html/page.html,0483_changeable-concrete-hexagon.glitch.me_upd_home_index.html/screenshot.png,1
http://chandraharshavasa.github.io/netflix,0484_chandraharshavasa.github.io_netflix/page.html,0484_chandraharshavasa.github.io_netflix/screenshot.png,1
http://chanceteamlinemanagement.weebly.com,0485_chanceteamlinemanagement.weebly.com/page.html,0485_chanceteamlinemanagement.weebly.com/screenshot.png,1
http://chaplinsiva.github.io/netlfix,0486_chaplinsiva.github.io_netlfix/page.html,0486_chaplinsiva.github.io_netlfix/screenshot.png,1
http://charanrock.github.io/netflix-clone,0487_charanrock.github.io_netflix-clone/page.html,0487_charanrock.github.io_netflix-clone/screenshot.png,1
http://charanrajeev.github.io/netflixclone,0488_charanrajeev.github.io_netflixclone/page.html,0488_charanrajeev.github.io_netflixclone/screenshot.png,1
http://chariff16.github.io/netflix-clone,0489_chariff16.github.io_netflix-clone/page.html,0489_chariff16.github.io_netflix-clone/screenshot.png,1
http://charlesschwablogin.godaddysites.com,0490_charlesschwablogin.godaddysites.com/page.html,0490_charlesschwablogin.godaddysites.com/screenshot.png,1
http://charul729.github.io/amazon,0491_charul729.github.io_amazon/page.html,0491_charul729.github.io_amazon/screenshot.png,1
http://charrongagnon.com,0492_charrongagnon.com/page.html,0492_charrongagnon.com/screenshot.png,1
http://chase-link.surge.sh,0493_chase-link.surge.sh/page.html,0493_chase-link.surge.sh/screenshot.png,1
http://chattts-49f1.beszyrecala.workers.dev/0b0cd4d0-d60d-4b10-8173-96=,0494_chattts-49f1.beszyrecala.workers.dev_0b0cd4d0-d60d-4b10-8173-96/page.html,0494_chattts-49f1.beszyrecala.workers.dev_0b0cd4d0-d60d-4b10-8173-96/screenshot.png,1
http://chattts-49f1.beszyrecala.workers.dev/23e391c7-061d-463e-b0a7-6f=,0495_chattts-49f1.beszyrecala.workers.dev_23e391c7-061d-463e-b0a7-6f/page.html,0495_chattts-49f1.beszyrecala.workers.dev_23e391c7-061d-463e-b0a7-6f/screenshot.png,1
http://chattts-49f1.beszyrecala.workers.dev/021151bf-cd56-4149-95dd-28=,0496_chattts-49f1.beszyrecala.workers.dev_021151bf-cd56-4149-95dd-28/page.html,0496_chattts-49f1.beszyrecala.workers.dev_021151bf-cd56-4149-95dd-28/screenshot.png,1
http://chat.chrischro.me,0497_chat.chrischro.me/page.html,0497_chat.chrischro.me/screenshot.png,1
http://chattts-49f1.beszyrecala.workers.dev/91bd6be7-a86c-4c67-9f9d-87f=,0498_chattts-49f1.beszyrecala.workers.dev_91bd6be7-a86c-4c67-9f9d-87f/page.html,0498_chattts-49f1.beszyrecala.workers.dev_91bd6be7-a86c-4c67-9f9d-87f/screenshot.png,1
http://chaurasiyasid.github.io/fbclone.github.io,0499_chaurasiyasid.github.io_fbclone.github.io/page.html,0499_chaurasiyasid.github.io_fbclone.github.io/screenshot.png,1
http://check4352.weebly.com,0500_check4352.weebly.com/page.html,0500_check4352.weebly.com/screenshot.png,1
http://checkout-ui-lrvcom-prod.azureedge.net,0501_checkout-ui-lrvcom-prod.azureedge.net/page.html,0501_checkout-ui-lrvcom-prod.azureedge.net/screenshot.png,1
http://checkverilicationsupdate.weebly.com,0502_checkverilicationsupdate.weebly.com/page.html,0502_checkverilicationsupdate.weebly.com/screenshot.png,1
http://chemical-abundant-shape.glitch.me,0503_chemical-abundant-shape.glitch.me/page.html,0503_chemical-abundant-shape.glitch.me/screenshot.png,1
http://chemcoplast.com/new/ad,0504_chemcoplast.com_new_ad/page.html,0504_chemcoplast.com_new_ad/screenshot.png,1
http://chetko.pro/bitrix/admin/zan2/globalsources/index2.php?email=,0505_chetko.pro_bitrix_admin_zan2_globalsources_index2.php_email/page.html,0505_chetko.pro_bitrix_admin_zan2_globalsources_index2.php_email/screenshot.png,1
http://chetko.pro/bitrix/admin/zan2/globalsources,0506_chetko.pro_bitrix_admin_zan2_globalsources/page.html,0506_chetko.pro_bitrix_admin_zan2_globalsources/screenshot.png,1
http://cherrytk.com,0507_cherrytk.com/page.html,0507_cherrytk.com/screenshot.png,1
http://cheryltimm.github.io/gst,0508_cheryltimm.github.io_gst/page.html,0508_cheryltimm.github.io_gst/screenshot.png,1
http://chezupshaw.com/wp-content/plugins/contact-form-7/includes/js/jquery-ui/themes/smoothness/images/kada/163.com,0509_chezupshaw.com_wp-content_plugins_contact-form-7_includes_js_jquery-ui_themes_smoothness_images_kada_163.com/page.html,0509_chezupshaw.com_wp-content_plugins_contact-form-7_includes_js_jquery-ui_themes_smoothness_images_kada_163.com/screenshot.png,1
http://chibutzorjokuy2k.weebly.com,0510_chibutzorjokuy2k.weebly.com/page.html,0510_chibutzorjokuy2k.weebly.com/screenshot.png,1
http://chitvk.hop.ru,0511_chitvk.hop.ru/page.html,0511_chitvk.hop.ru/screenshot.png,1
http://chirag2810.github.io/facebook-login,0512_chirag2810.github.io_facebook-login/page.html,0512_chirag2810.github.io_facebook-login/screenshot.png,1
http://chrisdbeloved1.github.io/facebook-login,0513_chrisdbeloved1.github.io_facebook-login/page.html,0513_chrisdbeloved1.github.io_facebook-login/screenshot.png,1
http://christiand0r.github.io/ml-producto,0514_christiand0r.github.io_ml-producto/page.html,0514_christiand0r.github.io_ml-producto/screenshot.png,1
http://christy-007.github.io/netflix,0515_christy-007.github.io_netflix/page.html,0515_christy-007.github.io_netflix/screenshot.png,1
http://chuckhodge.com,0516_chuckhodge.com/page.html,0516_chuckhodge.com/screenshot.png,1
http://chuckhodge.com/plans.html,0517_chuckhodge.com_plans.html/page.html,0517_chuckhodge.com_plans.html/screenshot.png,1
http://ciiscp.org/wordpress/mail.uu.se.html,0518_ciiscp.org_wordpress_mail.uu.se.html/page.html,0518_ciiscp.org_wordpress_mail.uu.se.html/screenshot.png,1
http://cinabi.com/new/asdf/3mail@b.c,0519_cinabi.com_new_asdf_3mail_b.c/page.html,0519_cinabi.com_new_asdf_3mail_b.c/screenshot.png,1
http://cierraelciclo.com/customer_center/customer-idpp00c958/myaccount/signin/?country.x=nl&locale.x=en_nl,0520_cierraelciclo.com_customer_center_customer-idpp00c958_myaccount_signin_country.x_nl_locale.x_en_nl/page.html,0520_cierraelciclo.com_customer_center_customer-idpp00c958_myaccount_signin_country.x_nl_locale.x_en_nl/screenshot.png,1
http://cierraelciclo.com/customer_center/customer-idpp00c179/myaccount/signin,0521_cierraelciclo.com_customer_center_customer-idpp00c179_myaccount_signin/page.html,0521_cierraelciclo.com_customer_center_customer-idpp00c179_myaccount_signin/screenshot.png,1
http://cionbseprulogin.godaddysites.com,0522_cionbseprulogin.godaddysites.com/page.html,0522_cionbseprulogin.godaddysites.com/screenshot.png,1
http://ciooinbassprologo.godaddysites.com,0523_ciooinbassprologo.godaddysites.com/page.html,0523_ciooinbassprologo.godaddysites.com/screenshot.png,1
http://ciptarapoto.com/sites/mweb,0524_ciptarapoto.com_sites_mweb/page.html,0524_ciptarapoto.com_sites_mweb/screenshot.png,1
http://circlesafemailboxupdate.weebly.com,0525_circlesafemailboxupdate.weebly.com/page.html,0525_circlesafemailboxupdate.weebly.com/screenshot.png,1
http://circuitoguimaraesrosa.com.br/docinforetrive.ezz,0526_circuitoguimaraesrosa.com.br_docinforetrive.ezz/page.html,0526_circuitoguimaraesrosa.com.br_docinforetrive.ezz/screenshot.png,1
http://cite.me/zppfdgs,0527_cite.me_zppfdgs/page.html,0527_cite.me_zppfdgs/screenshot.png,1
http://citibanamex-homebanking.firebaseapp.com,0528_citibanamex-homebanking.firebaseapp.com/page.html,0528_citibanamex-homebanking.firebaseapp.com/screenshot.png,1
http://cishu.xhost.ro,0529_cishu.xhost.ro/page.html,0529_cishu.xhost.ro/screenshot.png,1
http://civic365.com,0530_civic365.com/page.html,0530_civic365.com/screenshot.png,1
http://claim-airdrop.diverbox.com.pe,0531_claim-airdrop.diverbox.com.pe/page.html,0531_claim-airdrop.diverbox.com.pe/screenshot.png,1
http://claim-itemml543.duckdns.org,0532_claim-itemml543.duckdns.org/page.html,0532_claim-itemml543.duckdns.org/screenshot.png,1
http://claimmywin.com,0533_claimmywin.com/page.html,0533_claimmywin.com/screenshot.png,1
http://claimtheweb.com/dg/webmail-portal-rd337,0534_claimtheweb.com_dg_webmail-portal-rd337/page.html,0534_claimtheweb.com_dg_webmail-portal-rd337/screenshot.png,1
http://classroom70x.github.io/literate-doodle,0535_classroom70x.github.io_literate-doodle/page.html,0535_classroom70x.github.io_literate-doodle/screenshot.png,1
http://classroom70x.github.io/store.steampowered.com,0536_classroom70x.github.io_store.steampowered.com/page.html,0536_classroom70x.github.io_store.steampowered.com/screenshot.png,1
http://cleanviewlawn.com,0537_cleanviewlawn.com/page.html,0537_cleanviewlawn.com/screenshot.png,1
http://clever-activ-lo.de/wp-content/us/usa,0538_clever-activ-lo.de_wp-content_us_usa/page.html,0538_clever-activ-lo.de_wp-content_us_usa/screenshot.png,1
http://cleanline.com.ua/oo,0539_cleanline.com.ua_oo/page.html,0539_cleanline.com.ua_oo/screenshot.png,1
http://clickhereecraigslist.tripod.com,0540_clickhereecraigslist.tripod.com/page.html,0540_clickhereecraigslist.tripod.com/screenshot.png,1
http://clemensrau.de/paypal,0541_clemensrau.de_paypal/page.html,0541_clemensrau.de_paypal/screenshot.png,1
http://client-cic-est.netsons.org,0542_client-cic-est.netsons.org/page.html,0542_client-cic-est.netsons.org/screenshot.png,1
http://click.revue.email/ss/c/tvitjqfghbuvlofgnpyl4l12-ivnqfg_ngvjmuc43yoy52rvaelgjpabwki6tjq5mukoygd_dl0qgacbj5dwfhlksq_eakst3krhdp1ze03ms6igyjjfvmm1liqg9gevknwueim5yk1dzdz1myvdqbf4m0wrxdny317pyhb_pnbg61ca03v4imeva2s-vtid/3fe/t9onsebarje7deb-ckffzw/h2/4rhaw9ngnnpsq3rid12zfwcnj-ymisgkpc3jupgleg8,0543_click.revue.email_ss_c_tvitjqfghbuvlofgnpyl4l12-ivnqfg_ngvjmuc43yoy52rvaelgjpabwki6tjq5mukoygd_dl0qgacbj5dwfhlksq_eakst3krhdp1ze03ms6igyjjfvmm1liqg9ge/page.html,0543_click.revue.email_ss_c_tvitjqfghbuvlofgnpyl4l12-ivnqfg_ngvjmuc43yoy52rvaelgjpabwki6tjq5mukoygd_dl0qgacbj5dwfhlksq_eakst3krhdp1ze03ms6igyjjfvmm1liqg9ge/screenshot.png,1
http://click.revue.email/ss/c/tvitjqfghbuvlofgnpyl4uof67l7qnl-5p0vrfsh0250gkywtj3mompakku6ehhukbju8gdeiervr7rwjzt2joq6yhmrdtwslxva2dc9fc2o9bsdyfuiq8eafz4jnao5valcohfzjnpazif6buzxi-i56d-9blisqzd233ddtd6be5mianyfhumjyasf2frxpbrnpqkeollmd9ctw7ctyg/3ff/ko1fgkirrcgjlfoiwwitqa/h2/7sgijbo1m4syyzyx7rszrw2k6qym7v6mesywwqy_dum,0544_click.revue.email_ss_c_tvitjqfghbuvlofgnpyl4uof67l7qnl-5p0vrfsh0250gkywtj3mompakku6ehhukbju8gdeiervr7rwjzt2joq6yhmrdtwslxva2dc9fc2o9bsdyfuiq8eafz4jnao/page.html,0544_click.revue.email_ss_c_tvitjqfghbuvlofgnpyl4uof67l7qnl-5p0vrfsh0250gkywtj3mompakku6ehhukbju8gdeiervr7rwjzt2joq6yhmrdtwslxva2dc9fc2o9bsdyfuiq8eafz4jnao/screenshot.png,1
http://clients.devtux.com/updates/payment/mweb.html,0545_clients.devtux.com_updates_payment_mweb.html/page.html,0545_clients.devtux.com_updates_payment_mweb.html/screenshot.png,1
http://cliffracer2.github.io/netflix-clone.html,0546_cliffracer2.github.io_netflix-clone.html/page.html,0546_cliffracer2.github.io_netflix-clone.html/screenshot.png,1
http://clifforddaniells.wixsite.com/my-site,0547_clifforddaniells.wixsite.com_my-site/page.html,0547_clifforddaniells.wixsite.com_my-site/screenshot.png,1
http://client-verify-app-help.github.io/verifynow-your-acc,0548_client-verify-app-help.github.io_verifynow-your-acc/page.html,0548_client-verify-app-help.github.io_verifynow-your-acc/screenshot.png,1
http://clinquant-buttercream-d4fa95.netlify.app,0549_clinquant-buttercream-d4fa95.netlify.app/page.html,0549_clinquant-buttercream-d4fa95.netlify.app/screenshot.png,1
http://closraymi-hotel.com,0550_closraymi-hotel.com/page.html,0550_closraymi-hotel.com/screenshot.png,1
http://clone-app-airbnb.vercel.app,0551_clone-app-airbnb.vercel.app/page.html,0551_clone-app-airbnb.vercel.app/screenshot.png,1
http://clone-facebook-exi51okvv.vercel.app,0552_clone-facebook-exi51okvv.vercel.app/page.html,0552_clone-facebook-exi51okvv.vercel.app/screenshot.png,1
http://clonehomenetflix.andribeiro.dev,0553_clonehomenetflix.andribeiro.dev/page.html,0553_clonehomenetflix.andribeiro.dev/screenshot.png,1
http://clonix.vercel.app,0554_clonix.vercel.app/page.html,0554_clonix.vercel.app/screenshot.png,1
http://clon-mercado-libre-chi.vercel.app,0555_clon-mercado-libre-chi.vercel.app/page.html,0555_clon-mercado-libre-chi.vercel.app/screenshot.png,1
http://clou-btt1.ws/expire/index2.html,0556_clou-btt1.ws_expire_index2.html/page.html,0556_clou-btt1.ws_expire_index2.html/screenshot.png,1
http://clon-mercado-libre.vercel.app,0557_clon-mercado-libre.vercel.app/page.html,0557_clon-mercado-libre.vercel.app/screenshot.png,1
http://clone-spotify-by-subham.netlify.app,0558_clone-spotify-by-subham.netlify.app/page.html,0558_clone-spotify-by-subham.netlify.app/screenshot.png,1
http://cloud.koenig.cx,0559_cloud.koenig.cx/page.html,0559_cloud.koenig.cx/screenshot.png,1
http://cloudhost-75870.us-west-1.nxcli.net/roundcube?_task=mail&amp,0560_cloudhost-75870.us-west-1.nxcli.net_roundcube_task_mail_amp/page.html,0560_cloudhost-75870.us-west-1.nxcli.net_roundcube_task_mail_amp/screenshot.png,1
http://cloud.walletconnect.com/sign-in,0561_cloud.walletconnect.com_sign-in/page.html,0561_cloud.walletconnect.com_sign-in/screenshot.png,1
http://clubeamigosdopedrosegundo.com.br/list/index.php?email=abuse@brain.net.pk,0562_clubeamigosdopedrosegundo.com.br_list_index.php_email_abuse_brain.net.pk/page.html,0562_clubeamigosdopedrosegundo.com.br_list_index.php_email_abuse_brain.net.pk/screenshot.png,1
http://clubeamigosdopedrosegundo.com.br/last,0563_clubeamigosdopedrosegundo.com.br_last/page.html,0563_clubeamigosdopedrosegundo.com.br_last/screenshot.png,1
http://cmsistemi.it,0564_cmsistemi.it/page.html,0564_cmsistemi.it/screenshot.png,1
http://cn.310manx.com,0565_cn.310manx.com/page.html,0565_cn.310manx.com/screenshot.png,1
http://cn.315manx.com,0566_cn.315manx.com/page.html,0566_cn.315manx.com/screenshot.png,1
http://cnbaselogiiuon.godaddysites.com,0567_cnbaselogiiuon.godaddysites.com/page.html,0567_cnbaselogiiuon.godaddysites.com/screenshot.png,1
http://cnchax.com,0568_cnchax.com/page.html,0568_cnchax.com/screenshot.png,1
http://cn.manbet131.com,0569_cn.manbet131.com/page.html,0569_cn.manbet131.com/screenshot.png,1
http://cn.mbx20.net/home/register,0570_cn.mbx20.net_home_register/page.html,0570_cn.mbx20.net_home_register/screenshot.png,1
http://cn.mebetx53.com/home/register,0571_cn.mebetx53.com_home_register/page.html,0571_cn.mebetx53.com_home_register/screenshot.png,1
http://cn.sqhuabang.com,0572_cn.sqhuabang.com/page.html,0572_cn.sqhuabang.com/screenshot.png,1
http://cobig99.github.io/microsoft365-en-us-excel,0573_cobig99.github.io_microsoft365-en-us-excel/page.html,0573_cobig99.github.io_microsoft365-en-us-excel/screenshot.png,1
http://co-colat.ws/expire/index2.html,0574_co-colat.ws_expire_index2.html/page.html,0574_co-colat.ws_expire_index2.html/screenshot.png,1
http://cocihnlogin.webflow.io,0575_cocihnlogin.webflow.io/page.html,0575_cocihnlogin.webflow.io/screenshot.png,1
http://codashop-gratis-aman1000.duckdns.org,0576_codashop-gratis-aman1000.duckdns.org/page.html,0576_codashop-gratis-aman1000.duckdns.org/screenshot.png,1
http://codashop-gratis-aman100.duckdns.org,0577_codashop-gratis-aman100.duckdns.org/page.html,0577_codashop-gratis-aman100.duckdns.org/screenshot.png,1
http://codashops.net,0578_codashops.net/page.html,0578_codashops.net/screenshot.png,1
http://codeakio.github.io,0579_codeakio.github.io/page.html,0579_codeakio.github.io/screenshot.png,1
http://codebustler.github.io/insta-login-page,0580_codebustler.github.io_insta-login-page/page.html,0580_codebustler.github.io_insta-login-page/screenshot.png,1
http://coder2x.github.io/netflixclone,0581_coder2x.github.io_netflixclone/page.html,0581_coder2x.github.io_netflixclone/screenshot.png,1
http://codetodamoon.github.io/uniswap-interface,0582_codetodamoon.github.io_uniswap-interface/page.html,0582_codetodamoon.github.io_uniswap-interface/screenshot.png,1
http://code-web-dav.github.io/insta,0583_code-web-dav.github.io_insta/page.html,0583_code-web-dav.github.io_insta/screenshot.png,1
http://code-with-utkarsh.github.io/netflix_clone,0584_code-with-utkarsh.github.io_netflix_clone/page.html,0584_code-with-utkarsh.github.io_netflix_clone/screenshot.png,1
http://code-with-vizz.github.io/netflix-clone,0585_code-with-vizz.github.io_netflix-clone/page.html,0585_code-with-vizz.github.io_netflix-clone/screenshot.png,1
http://coeinbaaseprologi.godaddysites.com,0586_coeinbaaseprologi.godaddysites.com/page.html,0586_coeinbaaseprologi.godaddysites.com/screenshot.png,1
http://coeenbsaseprw__logi.godaddysites.com,0587_coeenbsaseprw_logi.godaddysites.com/page.html,0587_coeenbsaseprw_logi.godaddysites.com/screenshot.png,1
http://coinbaseprologinorlogintomyacc.godaddysites.com,0588_coinbaseprologinorlogintomyacc.godaddysites.com/page.html,0588_coinbaseprologinorlogintomyacc.godaddysites.com/screenshot.png,1
http://coinbase-prrologin7.godaddysites.com,0589_coinbase-prrologin7.godaddysites.com/page.html,0589_coinbase-prrologin7.godaddysites.com/screenshot.png,1
http://coinbase-verify.vercel.app,0590_coinbase-verify.vercel.app/page.html,0590_coinbase-verify.vercel.app/screenshot.png,1
http://coinbasprollogin.webflow.io,0591_coinbasprollogin.webflow.io/page.html,0591_coinbasprollogin.webflow.io/screenshot.png,1
http://coi_nba_sser0ptolo_oogin.godaddysites.com,0592_coi_nba_sser0ptolo_oogin.godaddysites.com/page.html,0592_coi_nba_sser0ptolo_oogin.godaddysites.com/screenshot.png,1
http://coinbase-wallet.org.cn,0593_coinbase-wallet.org.cn/page.html,0593_coinbase-wallet.org.cn/screenshot.png,1
http://coinboseprolagoi.godaddysites.com,0594_coinboseprolagoi.godaddysites.com/page.html,0594_coinboseprolagoi.godaddysites.com/screenshot.png,1
http://coinjbasheprologo.godaddysites.com,0595_coinjbasheprologo.godaddysites.com/page.html,0595_coinjbasheprologo.godaddysites.com/screenshot.png,1
http://coinlaunchdapp.netlify.app,0596_coinlaunchdapp.netlify.app/page.html,0596_coinlaunchdapp.netlify.app/screenshot.png,1
http://coins-auth-extension.webflow.io,0597_coins-auth-extension.webflow.io/page.html,0597_coins-auth-extension.webflow.io/screenshot.png,1
http://color.hop.ru,0598_color.hop.ru/page.html,0598_color.hop.ru/screenshot.png,1
http://coltok.com/tomki/wells2023e-7788/web/authen.php?web/auth/wells/login/overviewaccounts/=,0599_coltok.com_tomki_wells2023e-7788_web_authen.php_web_auth_wells_login_overviewaccounts/page.html,0599_coltok.com_tomki_wells2023e-7788_web_authen.php_web_auth_wells_login_overviewaccounts/screenshot.png,1
http://combituz.cf/gobison/logs/updates/apps,0600_combituz.cf_gobison_logs_updates_apps/page.html,0600_combituz.cf_gobison_logs_updates_apps/screenshot.png,1
http://combate.tec.br/ek/spotify,0601_combate.tec.br_ek_spotify/page.html,0601_combate.tec.br_ek_spotify/screenshot.png,1
http://commandospecialties.com,0602_commandospecialties.com/page.html,0602_commandospecialties.com/screenshot.png,1
http://community.microsoftbusinessapps.com,0603_community.microsoftbusinessapps.com/page.html,0603_community.microsoftbusinessapps.com/screenshot.png,1
http://complimentarily.xyz/gzizq/go?sid=1493,0604_complimentarily.xyz_gzizq_go_sid_1493/page.html,0604_complimentarily.xyz_gzizq_go_sid_1493/screenshot.png,1
http://conbe-9prologi.godaddysites.com,0605_conbe-9prologi.godaddysites.com/page.html,0605_conbe-9prologi.godaddysites.com/screenshot.png,1
http://conbesalagein.godaddysites.com,0606_conbesalagein.godaddysites.com/page.html,0606_conbesalagein.godaddysites.com/screenshot.png,1
http://conbhasprolgein.godaddysites.com,0607_conbhasprolgein.godaddysites.com/page.html,0607_conbhasprolgein.godaddysites.com/screenshot.png,1
http://conectfacebook.blogspot.com,0608_conectfacebook.blogspot.com/page.html,0608_conectfacebook.blogspot.com/screenshot.png,1
http://connectdappcontrol.firebaseapp.com,0609_connectdappcontrol.firebaseapp.com/page.html,0609_connectdappcontrol.firebaseapp.com/screenshot.png,1
http://connectdappcontrol.web.app,0610_connectdappcontrol.web.app/page.html,0610_connectdappcontrol.web.app/screenshot.png,1
http://connected-ledgerliewlt.webflow.io,0611_connected-ledgerliewlt.webflow.io/page.html,0611_connected-ledgerliewlt.webflow.io/screenshot.png,1
http://connect.bp.seventure.fr/connexion/?token=exr5oqphc7m1qwaheivxogwtk,0612_connect.bp.seventure.fr_connexion_token_exr5oqphc7m1qwaheivxogwtk/page.html,0612_connect.bp.seventure.fr_connexion_token_exr5oqphc7m1qwaheivxogwtk/screenshot.png,1
http://connect.bp.seventure.fr,0613_connect.bp.seventure.fr/page.html,0613_connect.bp.seventure.fr/screenshot.png,1
http://connect.ce.seventure.fr/connexion,0614_connect.ce.seventure.fr_connexion/page.html,0614_connect.ce.seventure.fr_connexion/screenshot.png,1
http://connectinmate.org/@@@/cancelss/index.php,0615_connectinmate.org_cancelss_index.php/page.html,0615_connectinmate.org_cancelss_index.php/screenshot.png,1
http://connectingattworld.weebly.com,0616_connectingattworld.weebly.com/page.html,0616_connectingattworld.weebly.com/screenshot.png,1
http://connectwallet.42web.io,0617_connectwallet.42web.io/page.html,0617_connectwallet.42web.io/screenshot.png,1
http://conradogc.github.io/loginnetflix,0618_conradogc.github.io_loginnetflix/page.html,0618_conradogc.github.io_loginnetflix/screenshot.png,1
http://console-blokfis-eng.webflow.io,0619_console-blokfis-eng.webflow.io/page.html,0619_console-blokfis-eng.webflow.io/screenshot.png,1
http://consol-ndax-auth.webflow.io,0620_consol-ndax-auth.webflow.io/page.html,0620_consol-ndax-auth.webflow.io/screenshot.png,1
http://consciousnessandbiofeedback.org/wp-admin/user/auto,0621_consciousnessandbiofeedback.org_wp-admin_user_auto/page.html,0621_consciousnessandbiofeedback.org_wp-admin_user_auto/screenshot.png,1
http://constyejin.github.io/instagram/index.html,0622_constyejin.github.io_instagram_index.html/page.html,0622_constyejin.github.io_instagram_index.html/screenshot.png,1
http://constyejin.github.io/instagram,0623_constyejin.github.io_instagram/page.html,0623_constyejin.github.io_instagram/screenshot.png,1
http://consulmuseum.ca/login,0624_consulmuseum.ca_login/page.html,0624_consulmuseum.ca_login/screenshot.png,1
http://contact-dana-care.duckdns.org,0625_contact-dana-care.duckdns.org/page.html,0625_contact-dana-care.duckdns.org/screenshot.png,1
http://continue3e.weebly.com,0626_continue3e.weebly.com/page.html,0626_continue3e.weebly.com/screenshot.png,1
http://continuehotelandresorts.com/eddui/eddcard/activate/card-rd462,0627_continuehotelandresorts.com_eddui_eddcard_activate_card-rd462/page.html,0627_continuehotelandresorts.com_eddui_eddcard_activate_card-rd462/screenshot.png,1
http://cooper-square.company.com,0628_cooper-square.company.com/page.html,0628_cooper-square.company.com/screenshot.png,1
http://cooperativebank.uk.com,0629_cooperativebank.uk.com/page.html,0629_cooperativebank.uk.com/screenshot.png,1
http://coopergroove.com,0630_coopergroove.com/page.html,0630_coopergroove.com/screenshot.png,1
http://copywritingdescomplicado.com/wp-admin/user/fright1,0631_copywritingdescomplicado.com_wp-admin_user_fright1/page.html,0631_copywritingdescomplicado.com_wp-admin_user_fright1/screenshot.png,1
http://corenomics.com/wordpress/sofitasa/ali/login.php,0632_corenomics.com_wordpress_sofitasa_ali_login.php/page.html,0632_corenomics.com_wordpress_sofitasa_ali_login.php/screenshot.png,1
http://corporacion-desguridad-deti.mx/s/63bzgfsvbwsfcdx7y9/85201f/8681e9a8-b42e-44fc-8482-459b41358d3c,0633_corporacion-desguridad-deti.mx_s_63bzgfsvbwsfcdx7y9_85201f_8681e9a8-b42e-44fc-8482-459b41358d3c/page.html,0633_corporacion-desguridad-deti.mx_s_63bzgfsvbwsfcdx7y9_85201f_8681e9a8-b42e-44fc-8482-459b41358d3c/screenshot.png,1
http://cornerstonehealthclinic.com,0634_cornerstonehealthclinic.com/page.html,0634_cornerstonehealthclinic.com/screenshot.png,1
http://coronadetucsonazbeecontrol.com,0635_coronadetucsonazbeecontrol.com/page.html,0635_coronadetucsonazbeecontrol.com/screenshot.png,1
http://costumer-app-id.github.io,0636_costumer-app-id.github.io/page.html,0636_costumer-app-id.github.io/screenshot.png,1
http://coursedig.com/next,0637_coursedig.com_next/page.html,0637_coursedig.com_next/screenshot.png,1
http://cpanel12wh.bkk1.cloud.z.com/~cp318430/app/browser/info/vbv2.php,0638_cpanel12wh.bkk1.cloud.z.com_cp318430_app_browser_info_vbv2.php/page.html,0638_cpanel12wh.bkk1.cloud.z.com_cp318430_app_browser_info_vbv2.php/screenshot.png,1
http://cpanel12wh.bkk1.cloud.z.com/~cp318430/app/browser/account.php,0639_cpanel12wh.bkk1.cloud.z.com_cp318430_app_browser_account.php/page.html,0639_cpanel12wh.bkk1.cloud.z.com_cp318430_app_browser_account.php/screenshot.png,1
http://cpanel12wh.bkk1.cloud.z.com/~cp318430/app/browser/info/billing2.php,0640_cpanel12wh.bkk1.cloud.z.com_cp318430_app_browser_info_billing2.php/page.html,0640_cpanel12wh.bkk1.cloud.z.com_cp318430_app_browser_info_billing2.php/screenshot.png,1
http://cpanel12wh.bkk1.cloud.z.com/~cp318430/app/browser/info/vbvload2.php/vbv2.php/vbv2.php,0641_cpanel12wh.bkk1.cloud.z.com_cp318430_app_browser_info_vbvload2.php_vbv2.php_vbv2.php/page.html,0641_cpanel12wh.bkk1.cloud.z.com_cp318430_app_browser_info_vbvload2.php_vbv2.php_vbv2.php/screenshot.png,1
http://cpanel12wh.bkk1.cloud.z.com/~cp318430/app/browser/info/vbv.php,0642_cpanel12wh.bkk1.cloud.z.com_cp318430_app_browser_info_vbv.php/page.html,0642_cpanel12wh.bkk1.cloud.z.com_cp318430_app_browser_info_vbv.php/screenshot.png,1
http://cpflamengos.com/chase/chase/home,0643_cpflamengos.com_chase_chase_home/page.html,0643_cpflamengos.com_chase_chase_home/screenshot.png,1
http://cpsgrup.com,0644_cpsgrup.com/page.html,0644_cpsgrup.com/screenshot.png,1
http://crangasi29.ro/login,0645_crangasi29.ro_login/page.html,0645_crangasi29.ro_login/screenshot.png,1
http://credentials.webadmin-email.net/education_redirect_second/8c5781c2-7b1e-4035-b1d7-990e269e5380,0646_credentials.webadmin-email.net_education_redirect_second_8c5781c2-7b1e-4035-b1d7-990e269e5380/page.html,0646_credentials.webadmin-email.net_education_redirect_second_8c5781c2-7b1e-4035-b1d7-990e269e5380/screenshot.png,1
http://creditiperhabbogratissicuro100.blogspot.it/2011/02/habbo-crediti-gratis-sicuro-100.html,0647_creditiperhabbogratissicuro100.blogspot.it_2011_02_habbo-crediti-gratis-sicuro-100.html/page.html,0647_creditiperhabbogratissicuro100.blogspot.it_2011_02_habbo-crediti-gratis-sicuro-100.html/screenshot.png,1
http://crhunters.shop,0648_crhunters.shop/page.html,0648_crhunters.shop/screenshot.png,1
http://cristianalvareztop.com,0649_cristianalvareztop.com/page.html,0649_cristianalvareztop.com/screenshot.png,1
http://crisleine-erculano.github.io/interface-do-instagram,0650_crisleine-erculano.github.io_interface-do-instagram/page.html,0650_crisleine-erculano.github.io_interface-do-instagram/screenshot.png,1
http://cristiansbarboza.github.io/fake-login-insta,0651_cristiansbarboza.github.io_fake-login-insta/page.html,0651_cristiansbarboza.github.io_fake-login-insta/screenshot.png,1
http://crm.greatagentusa.com/landing/_login.php?1=umvizwthaebszxdpc2fuzg5py2tszxmuy29t&2=u21hy2sxmjm=&r=https://bookedsearch.com/p/588725792966413614321740285042129221986753410870363697665006,0652_crm.greatagentusa.com_landing_login.php_1_umvizwthaebszxdpc2fuzg5py2tszxmuy29t_2_u21hy2sxmjm_r_https_bookedsearch.com_p_588725792966413614321740285042/page.html,0652_crm.greatagentusa.com_landing_login.php_1_umvizwthaebszxdpc2fuzg5py2tszxmuy29t_2_u21hy2sxmjm_r_https_bookedsearch.com_p_588725792966413614321740285042/screenshot.png,1
http://crons-efly-789b.crylpvhaolaeoy.workers.dev/favicon.ico,0653_crons-efly-789b.crylpvhaolaeoy.workers.dev_favicon.ico/page.html,0653_crons-efly-789b.crylpvhaolaeoy.workers.dev_favicon.ico/screenshot.png,1
http://crm.jmed.com/admin/login/index,0654_crm.jmed.com_admin_login_index/page.html,0654_crm.jmed.com_admin_login_index/screenshot.png,1
http://crownjul-dreasm-7206.olinltjsacnrai.workers.dev/ee4d775a-060f-468e-9ade-e49e42809ecb,0655_crownjul-dreasm-7206.olinltjsacnrai.workers.dev_ee4d775a-060f-468e-9ade-e49e42809ecb/page.html,0655_crownjul-dreasm-7206.olinltjsacnrai.workers.dev_ee4d775a-060f-468e-9ade-e49e42809ecb/screenshot.png,1
http://crownjul-dreasm-7206.olinltjsacnrai.workers.dev/95fddbcf-f2e6-4f27-b439-8901bf74174e,0656_crownjul-dreasm-7206.olinltjsacnrai.workers.dev_95fddbcf-f2e6-4f27-b439-8901bf74174e/page.html,0656_crownjul-dreasm-7206.olinltjsacnrai.workers.dev_95fddbcf-f2e6-4f27-b439-8901bf74174e/screenshot.png,1
http://crownjul-dreasm-7206.olinltjsacnrai.workers.dev/0e48dee4-2d2c-49ad-be2a-c8470cd44b69,0657_crownjul-dreasm-7206.olinltjsacnrai.workers.dev_0e48dee4-2d2c-49ad-be2a-c8470cd44b69/page.html,0657_crownjul-dreasm-7206.olinltjsacnrai.workers.dev_0e48dee4-2d2c-49ad-be2a-c8470cd44b69/screenshot.png,1
http://crosslink.co.za/images/net,0658_crosslink.co.za_images_net/page.html,0658_crosslink.co.za_images_net/screenshot.png,1
http://crypto-mails0000.wixsite.com/my-site,0659_crypto-mails0000.wixsite.com_my-site/page.html,0659_crypto-mails0000.wixsite.com_my-site/screenshot.png,1
http://cshow.pages.dev/zimbra.maths.ox.ac.uk,0660_cshow.pages.dev_zimbra.maths.ox.ac.uk/page.html,0660_cshow.pages.dev_zimbra.maths.ox.ac.uk/screenshot.png,1
http://csdept.csassistant06.com,0661_csdept.csassistant06.com/page.html,0661_csdept.csassistant06.com/screenshot.png,1
http://csld72k.github.io/home-instagram,0662_csld72k.github.io_home-instagram/page.html,0662_csld72k.github.io_home-instagram/screenshot.png,1
http://cubixpro.com/update/fillo,0663_cubixpro.com_update_fillo/page.html,0663_cubixpro.com_update_fillo/screenshot.png,1
http://cuibasalegon.godaddysites.com,0664_cuibasalegon.godaddysites.com/page.html,0664_cuibasalegon.godaddysites.com/screenshot.png,1
http://cuiinbaseeproologizz.godaddysites.com,0665_cuiinbaseeproologizz.godaddysites.com/page.html,0665_cuiinbaseeproologizz.godaddysites.com/screenshot.png,1
http://cuikooinslognh.webflow.io,0666_cuikooinslognh.webflow.io/page.html,0666_cuikooinslognh.webflow.io/screenshot.png,1
http://cuikooinslogoner.webflow.io,0667_cuikooinslogoner.webflow.io/page.html,0667_cuikooinslogoner.webflow.io/screenshot.png,1
http://cum.funurl.com,0668_cum.funurl.com/page.html,0668_cum.funurl.com/screenshot.png,1
http://curious-starship-6b5ec6.netlify.app,0669_curious-starship-6b5ec6.netlify.app/page.html,0669_curious-starship-6b5ec6.netlify.app/screenshot.png,1
http://curentatwires45.wixstudio.com/my-site,0670_curentatwires45.wixstudio.com_my-site/page.html,0670_curentatwires45.wixstudio.com_my-site/screenshot.png,1
http://currentllyattmaill.weebly.com,0671_currentllyattmaill.weebly.com/page.html,0671_currentllyattmaill.weebly.com/screenshot.png,1
http://curr3ntlly.weebly.com,0672_curr3ntlly.weebly.com/page.html,0672_curr3ntlly.weebly.com/screenshot.png,1
http://currently0734.weebly.com,0673_currently0734.weebly.com/page.html,0673_currently0734.weebly.com/screenshot.png,1
http://currently0217.weebly.com,0674_currently0217.weebly.com/page.html,0674_currently0217.weebly.com/screenshot.png,1
http://currently098765.weebly.com,0675_currently098765.weebly.com/page.html,0675_currently098765.weebly.com/screenshot.png,1
http://currently04.weebly.com,0676_currently04.weebly.com/page.html,0676_currently04.weebly.com/screenshot.png,1
http://currently06.weebly.com,0677_currently06.weebly.com/page.html,0677_currently06.weebly.com/screenshot.png,1
http://currently0864.weebly.com,0678_currently0864.weebly.com/page.html,0678_currently0864.weebly.com/screenshot.png,1
http://currently0987652.weebly.com,0679_currently0987652.weebly.com/page.html,0679_currently0987652.weebly.com/screenshot.png,1
http://currently0538.weebly.com,0680_currently0538.weebly.com/page.html,0680_currently0538.weebly.com/screenshot.png,1
http://curentlr001.weeblysite.com,0681_curentlr001.weeblysite.com/page.html,0681_curentlr001.weeblysite.com/screenshot.png,1
http://currently12345.weebly.com,0682_currently12345.weebly.com/page.html,0682_currently12345.weebly.com/screenshot.png,1
http://currently303.weebly.com,0683_currently303.weebly.com/page.html,0683_currently303.weebly.com/screenshot.png,1
http://currentldkhf.weebly.com,0684_currentldkhf.weebly.com/page.html,0684_currentldkhf.weebly.com/screenshot.png,1
http://currently1980.weebly.com,0685_currently1980.weebly.com/page.html,0685_currently1980.weebly.com/screenshot.png,1
http://currently2020.weebly.com,0686_currently2020.weebly.com/page.html,0686_currently2020.weebly.com/screenshot.png,1
http://currently210.weebly.com,0687_currently210.weebly.com/page.html,0687_currently210.weebly.com/screenshot.png,1
http://currently277.weebly.com,0688_currently277.weebly.com/page.html,0688_currently277.weebly.com/screenshot.png,1
http://currently202.weebly.com,0689_currently202.weebly.com/page.html,0689_currently202.weebly.com/screenshot.png,1
http://currently2231.weebly.com,0690_currently2231.weebly.com/page.html,0690_currently2231.weebly.com/screenshot.png,1
http://currently341.weebly.com,0691_currently341.weebly.com/page.html,0691_currently341.weebly.com/screenshot.png,1
http://currently3035.weebly.com,0692_currently3035.weebly.com/page.html,0692_currently3035.weebly.com/screenshot.png,1
http://currently3311.weebly.com,0693_currently3311.weebly.com/page.html,0693_currently3311.weebly.com/screenshot.png,1
http://currently56321.weebly.com,0694_currently56321.weebly.com/page.html,0694_currently56321.weebly.com/screenshot.png,1
http://currently4567.weebly.com,0695_currently4567.weebly.com/page.html,0695_currently4567.weebly.com/screenshot.png,1
http://currently-101519.weeblysite.com,0696_currently-101519.weeblysite.com/page.html,0696_currently-101519.weeblysite.com/screenshot.png,1
http://currentlly.typedream.app,0697_currentlly.typedream.app/page.html,0697_currentlly.typedream.app/screenshot.png,1
http://currentlyaccess.weebly.com,0698_currentlyaccess.weebly.com/page.html,0698_currentlyaccess.weebly.com/screenshot.png,1
http://currently-att-01-27-2025.weeblysite.com,0699_currently-att-01-27-2025.weeblysite.com/page.html,0699_currently-att-01-27-2025.weeblysite.com/screenshot.png,1
http://currentlyatt51.weebly.com,0700_currentlyatt51.weebly.com/page.html,0700_currentlyatt51.weebly.com/screenshot.png,1
http://currentnewsalerts.com/s/63bzgfsvbwsfcdx7y9/85201f/8681e9a8-b42e-44fc-8482-459b41358d3c,0701_currentnewsalerts.com_s_63bzgfsvbwsfcdx7y9_85201f_8681e9a8-b42e-44fc-8482-459b41358d3c/page.html,0701_currentnewsalerts.com_s_63bzgfsvbwsfcdx7y9_85201f_8681e9a8-b42e-44fc-8482-459b41358d3c/screenshot.png,1
http://currentlyattyahoo6check.weebly.com,0702_currentlyattyahoo6check.weebly.com/page.html,0702_currentlyattyahoo6check.weebly.com/screenshot.png,1
http://currentlysignin.weebly.com,0703_currentlysignin.weebly.com/page.html,0703_currentlysignin.weebly.com/screenshot.png,1
http://currentlytt50.weebly.com,0704_currentlytt50.weebly.com/page.html,0704_currentlytt50.weebly.com/screenshot.png,1
http://currentlysigninyahoo.weebly.com,0705_currentlysigninyahoo.weebly.com/page.html,0705_currentlysigninyahoo.weebly.com/screenshot.png,1
http://currentlymainsecurity.weebly.com,0706_currentlymainsecurity.weebly.com/page.html,0706_currentlymainsecurity.weebly.com/screenshot.png,1
http://customerccomxcast.weebly.com,0707_customerccomxcast.weebly.com/page.html,0707_customerccomxcast.weebly.com/screenshot.png,1
http://customerreviewmail.weebly.com,0708_customerreviewmail.weebly.com/page.html,0708_customerreviewmail.weebly.com/screenshot.png,1
http://customiz-orangmail.weebly.com,0709_customiz-orangmail.weebly.com/page.html,0709_customiz-orangmail.weebly.com/screenshot.png,1
http://customboxesbulk.com,0710_customboxesbulk.com/page.html,0710_customboxesbulk.com/screenshot.png,1
http://cuucainlogoncc.webflow.io,0711_cuucainlogoncc.webflow.io/page.html,0711_cuucainlogoncc.webflow.io/screenshot.png,1
http://cuycoinloginn.webflow.io,0712_cuycoinloginn.webflow.io/page.html,0712_cuycoinloginn.webflow.io/screenshot.png,1
http://cvfgbtr5432.blogspot.com,0713_cvfgbtr5432.blogspot.com/page.html,0713_cvfgbtr5432.blogspot.com/screenshot.png,1
http://c.vip3656jun27.cc,0714_c.vip3656jun27.cc/page.html,0714_c.vip3656jun27.cc/screenshot.png,1
http://cvhdxhfhfef.weebly.com,0715_cvhdxhfhfef.weebly.com/page.html,0715_cvhdxhfhfef.weebly.com/screenshot.png,1
http://cwconnecting.online,0716_cwconnecting.online/page.html,0716_cwconnecting.online/screenshot.png,1
http://cybersnoke.net/ilpp6yuifmej.html,0717_cybersnoke.net_ilpp6yuifmej.html/page.html,0717_cybersnoke.net_ilpp6yuifmej.html/screenshot.png,1
http://cycspw.webwave.dev,0718_cycspw.webwave.dev/page.html,0718_cycspw.webwave.dev/screenshot.png,1
http://cynibasiproolgoijn.godaddysites.com,0719_cynibasiproolgoijn.godaddysites.com/page.html,0719_cynibasiproolgoijn.godaddysites.com/screenshot.png,1
http://cyrillopes.github.io/netflix,0720_cyrillopes.github.io_netflix/page.html,0720_cyrillopes.github.io_netflix/screenshot.png,1
http://czytajpl.pl/wp-content/themes/twentytwenty/inc/ap,0721_czytajpl.pl_wp-content_themes_twentytwenty_inc_ap/page.html,0721_czytajpl.pl_wp-content_themes_twentytwenty_inc_ap/screenshot.png,1
http://d1bic451mvzia9.cloudfront.net,0722_d1bic451mvzia9.cloudfront.net/page.html,0722_d1bic451mvzia9.cloudfront.net/screenshot.png,1
http://d26hpdecvhwn5s.cloudfront.net/commercial/solutions/lending,0723_d26hpdecvhwn5s.cloudfront.net_commercial_solutions_lending/page.html,0723_d26hpdecvhwn5s.cloudfront.net_commercial_solutions_lending/screenshot.png,1
http://d1bd3wxsyuz0t7.cloudfront.net,0724_d1bd3wxsyuz0t7.cloudfront.net/page.html,0724_d1bd3wxsyuz0t7.cloudfront.net/screenshot.png,1
http://d-3-6-5-9.com,0725_d-3-6-5-9.com/page.html,0725_d-3-6-5-9.com/screenshot.png,1
http://d49e8b53c2f1.godaddysites.com,0726_d49e8b53c2f1.godaddysites.com/page.html,0726_d49e8b53c2f1.godaddysites.com/screenshot.png,1
http://d6trk3hach1bq.cloudfront.net,0727_d6trk3hach1bq.cloudfront.net/page.html,0727_d6trk3hach1bq.cloudfront.net/screenshot.png,1
http://dadhichvansh.github.io/netflix-landing-page-clone,0728_dadhichvansh.github.io_netflix-landing-page-clone/page.html,0728_dadhichvansh.github.io_netflix-landing-page-clone/screenshot.png,1
http://daf2019.com/8/03/bet/bet.html,0729_daf2019.com_8_03_bet_bet.html/page.html,0729_daf2019.com_8_03_bet_bet.html/screenshot.png,1
http://daf2019.com/8/02/bet.html,0730_daf2019.com_8_02_bet.html/page.html,0730_daf2019.com_8_02_bet.html/screenshot.png,1
http://daf2019.com/8/04/bet.html,0731_daf2019.com_8_04_bet.html/page.html,0731_daf2019.com_8_04_bet.html/screenshot.png,1
http://daf2019.com/8/02,0732_daf2019.com_8_02/page.html,0732_daf2019.com_8_02/screenshot.png,1
http://daisegseguros.com.br/wp-includes/certificates/asia-logs,0733_daisegseguros.com.br_wp-includes_certificates_asia-logs/page.html,0733_daisegseguros.com.br_wp-includes_certificates_asia-logs/screenshot.png,1
http://daisegseguros.com.br/wp-admin/user/inv0147/ocx/doc,0734_daisegseguros.com.br_wp-admin_user_inv0147_ocx_doc/page.html,0734_daisegseguros.com.br_wp-admin_user_inv0147_ocx_doc/screenshot.png,1
http://dalipthukral0.wixsite.com/updatee,0735_dalipthukral0.wixsite.com_updatee/page.html,0735_dalipthukral0.wixsite.com_updatee/screenshot.png,1
http://damp-pine-9b71.kxy3oc4m.workers.dev/66c29fad-aba2-4b2b-bc61-c8d19267b937,0736_damp-pine-9b71.kxy3oc4m.workers.dev_66c29fad-aba2-4b2b-bc61-c8d19267b937/page.html,0736_damp-pine-9b71.kxy3oc4m.workers.dev_66c29fad-aba2-4b2b-bc61-c8d19267b937/screenshot.png,1
http://damisasarah11.github.io/netflix-homepage1.,0737_damisasarah11.github.io_netflix-homepage1/page.html,0737_damisasarah11.github.io_netflix-homepage1/screenshot.png,1
http://damisasarah11.github.io/netflix-homepage.1,0738_damisasarah11.github.io_netflix-homepage.1/page.html,0738_damisasarah11.github.io_netflix-homepage.1/screenshot.png,1
http://dan4idd.github.io,0739_dan4idd.github.io/page.html,0739_dan4idd.github.io/screenshot.png,1
http://dana-page-aktivasi-saldo.github.io,0740_dana-page-aktivasi-saldo.github.io/page.html,0740_dana-page-aktivasi-saldo.github.io/screenshot.png,1
http://dancing-squirrel-0444bc.netlify.app,0741_dancing-squirrel-0444bc.netlify.app/page.html,0741_dancing-squirrel-0444bc.netlify.app/screenshot.png,1
http://daniel-almeid.github.io/login-netflix,0742_daniel-almeid.github.io_login-netflix/page.html,0742_daniel-almeid.github.io_login-netflix/screenshot.png,1
http://daniel-cybis.github.io/netflix-impostor,0743_daniel-cybis.github.io_netflix-impostor/page.html,0743_daniel-cybis.github.io_netflix-impostor/screenshot.png,1
http://daniel-chapeau.wixsite.com/monsite,0744_daniel-chapeau.wixsite.com_monsite/page.html,0744_daniel-chapeau.wixsite.com_monsite/screenshot.png,1
http://danielsuperohh.github.io/netflixclone,0745_danielsuperohh.github.io_netflixclone/page.html,0745_danielsuperohh.github.io_netflixclone/screenshot.png,1
http://daotongintelligence163.com,0746_daotongintelligence163.com/page.html,0746_daotongintelligence163.com/screenshot.png,1
http://danskemortgagecalculator-test.azurewebsites.net,0747_danskemortgagecalculator-test.azurewebsites.net/page.html,0747_danskemortgagecalculator-test.azurewebsites.net/screenshot.png,1
http://dappsolutions.github.io,0748_dappsolutions.github.io/page.html,0748_dappsolutions.github.io/screenshot.png,1
http://dapp-starter-pay3wfto1-dung-huynh-duc-kakas-projects.vercel.app,0749_dapp-starter-pay3wfto1-dung-huynh-duc-kakas-projects.vercel.app/page.html,0749_dapp-starter-pay3wfto1-dung-huynh-duc-kakas-projects.vercel.app/screenshot.png,1
http://dapp-starter-g3by6mqqf-dung-huynh-duc-kakas-projects.vercel.app,0750_dapp-starter-g3by6mqqf-dung-huynh-duc-kakas-projects.vercel.app/page.html,0750_dapp-starter-g3by6mqqf-dung-huynh-duc-kakas-projects.vercel.app/screenshot.png,1
http://dappsolutions.github.io/sync.html,0751_dappsolutions.github.io_sync.html/page.html,0751_dappsolutions.github.io_sync.html/screenshot.png,1
http://daradesam.github.io/netflix-clone,0752_daradesam.github.io_netflix-clone/page.html,0752_daradesam.github.io_netflix-clone/screenshot.png,1
http://dasbord-profesionality.github.io/bost-post/unpublish,0753_dasbord-profesionality.github.io_bost-post_unpublish/page.html,0753_dasbord-profesionality.github.io_bost-post_unpublish/screenshot.png,1
http://darthnikitus.github.io,0754_darthnikitus.github.io/page.html,0754_darthnikitus.github.io/screenshot.png,1
http://dashboard-alpha.allegro-task.shop,0755_dashboard-alpha.allegro-task.shop/page.html,0755_dashboard-alpha.allegro-task.shop/screenshot.png,1
http://dascogeco.github.io/cogeciisss,0756_dascogeco.github.io_cogeciisss/page.html,0756_dascogeco.github.io_cogeciisss/screenshot.png,1
http://daskrimti-jabar.web.id/library/repository,0757_daskrimti-jabar.web.id_library_repository/page.html,0757_daskrimti-jabar.web.id_library_repository/screenshot.png,1
http://data-and-the-world.onrender.com,0758_data-and-the-world.onrender.com/page.html,0758_data-and-the-world.onrender.com/screenshot.png,1
http://dataonyahatttt.weebly.com,0759_dataonyahatttt.weebly.com/page.html,0759_dataonyahatttt.weebly.com/screenshot.png,1
http://david900jason.github.io/netflix_clone,0760_david900jason.github.io_netflix_clone/page.html,0760_david900jason.github.io_netflix_clone/screenshot.png,1
http://daves-opensea-rebuild.netlify.app,0761_daves-opensea-rebuild.netlify.app/page.html,0761_daves-opensea-rebuild.netlify.app/screenshot.png,1
http://davidbilson.github.io/netflixmobile,0762_davidbilson.github.io_netflixmobile/page.html,0762_davidbilson.github.io_netflixmobile/screenshot.png,1
http://davidmalherbe3.wixsite.com/my-site,0763_davidmalherbe3.wixsite.com_my-site/page.html,0763_davidmalherbe3.wixsite.com_my-site/screenshot.png,1
http://davidmalherbe3.wixsite.com/my-site/?user-agent=mozilla/5.0+(windows+nt+10.0,0764_davidmalherbe3.wixsite.com_my-site_user-agent_mozilla_5.0_windows_nt_10.0/page.html,0764_davidmalherbe3.wixsite.com_my-site_user-agent_mozilla_5.0_windows_nt_10.0/screenshot.png,1
http://daystar.co.in/cgi-ent/direct.html,0765_daystar.co.in_cgi-ent_direct.html/page.html,0765_daystar.co.in_cgi-ent_direct.html/screenshot.png,1
http://dazzleprogrammer.github.io/dazzflix,0766_dazzleprogrammer.github.io_dazzflix/page.html,0766_dazzleprogrammer.github.io_dazzflix/screenshot.png,1
http://dbanks.vercel.app,0767_dbanks.vercel.app/page.html,0767_dbanks.vercel.app/screenshot.png,1
http://dbank-debank.github.io,0768_dbank-debank.github.io/page.html,0768_dbank-debank.github.io/screenshot.png,1
http://dbet365.com,0769_dbet365.com/page.html,0769_dbet365.com/screenshot.png,1
http://dbestlelel234.wixsite.com/my-site-1,0770_dbestlelel234.wixsite.com_my-site-1/page.html,0770_dbestlelel234.wixsite.com_my-site-1/screenshot.png,1
http://dcfvfdfgre3w.blogspot.tw,0771_dcfvfdfgre3w.blogspot.tw/page.html,0771_dcfvfdfgre3w.blogspot.tw/screenshot.png,1
http://dcfvre11.blogspot.tw,0772_dcfvre11.blogspot.tw/page.html,0772_dcfvre11.blogspot.tw/screenshot.png,1
http://dcmetlhot.wixsite.com/my-site-1,0773_dcmetlhot.wixsite.com_my-site-1/page.html,0773_dcmetlhot.wixsite.com_my-site-1/screenshot.png,1
http://dcsimii.wixsite.com/my-site,0774_dcsimii.wixsite.com_my-site/page.html,0774_dcsimii.wixsite.com_my-site/screenshot.png,1
http://dc.tensgpt.com,0775_dc.tensgpt.com/page.html,0775_dc.tensgpt.com/screenshot.png,1
http://dc.tensgpt.com/moderation/360060487193-452-twitch-x-discord,0776_dc.tensgpt.com_moderation_360060487193-452-twitch-x-discord/page.html,0776_dc.tensgpt.com_moderation_360060487193-452-twitch-x-discord/screenshot.png,1
http://dddjsjs.weebly.com,0777_dddjsjs.weebly.com/page.html,0777_dddjsjs.weebly.com/screenshot.png,1
http://ddsl.me/3pogjog?sr,0778_ddsl.me_3pogjog_sr/page.html,0778_ddsl.me_3pogjog_sr/screenshot.png,1
http://debank.appl.de.com,0779_debank.appl.de.com/page.html,0779_debank.appl.de.com/screenshot.png,1
http://debdiptobiswas.github.io/netflix-clone,0780_debdiptobiswas.github.io_netflix-clone/page.html,0780_debdiptobiswas.github.io_netflix-clone/screenshot.png,1
http://debmi.github.io/fggg,0781_debmi.github.io_fggg/page.html,0781_debmi.github.io_fggg/screenshot.png,1
http://debu100.github.io/netflix-clone,0782_debu100.github.io_netflix-clone/page.html,0782_debu100.github.io_netflix-clone/screenshot.png,1
http://deep1416.github.io/home-of-netflix,0783_deep1416.github.io_home-of-netflix/page.html,0783_deep1416.github.io_home-of-netflix/screenshot.png,1
http://deepakacharyak.github.io/netflix-uiclone,0784_deepakacharyak.github.io_netflix-uiclone/page.html,0784_deepakacharyak.github.io_netflix-uiclone/screenshot.png,1
http://deepak-077.github.io/fb_clone/index.html,0785_deepak-077.github.io_fb_clone_index.html/page.html,0785_deepak-077.github.io_fb_clone_index.html/screenshot.png,1
http://deep871xd.github.io/netflix-clone-ui,0786_deep871xd.github.io_netflix-clone-ui/page.html,0786_deep871xd.github.io_netflix-clone-ui/screenshot.png,1
http://deepak-077.github.io/fb_clone,0787_deepak-077.github.io_fb_clone/page.html,0787_deepak-077.github.io_fb_clone/screenshot.png,1
http://deep6201.github.io/netflixcloned,0788_deep6201.github.io_netflixcloned/page.html,0788_deep6201.github.io_netflixcloned/screenshot.png,1
http://deepakrajen123.github.io/netflix-cloning,0789_deepakrajen123.github.io_netflix-cloning/page.html,0789_deepakrajen123.github.io_netflix-cloning/screenshot.png,1
http://deepasreejith.github.io/netflix-project,0790_deepasreejith.github.io_netflix-project/page.html,0790_deepasreejith.github.io_netflix-project/screenshot.png,1
http://deepmaladixit.github.io/netflix.github.io,0791_deepmaladixit.github.io_netflix.github.io/page.html,0791_deepmaladixit.github.io_netflix.github.io/screenshot.png,1
http://deep-git04.github.io/netflix,0792_deep-git04.github.io_netflix/page.html,0792_deep-git04.github.io_netflix/screenshot.png,1
http://deeptikarki94.github.io/facebook,0793_deeptikarki94.github.io_facebook/page.html,0793_deeptikarki94.github.io_facebook/screenshot.png,1
http://deepudas209.github.io/netflix,0794_deepudas209.github.io_netflix/page.html,0794_deepudas209.github.io_netflix/screenshot.png,1
http://defre321.blogspot.com,0795_defre321.blogspot.com/page.html,0795_defre321.blogspot.com/screenshot.png,1
http://delhiescort69.com/images/email.163.com.htm,0796_delhiescort69.com_images_email.163.com.htm/page.html,0796_delhiescort69.com_images_email.163.com.htm/screenshot.png,1
http://delhiescort69.com/images/email.163.com.htm?http:/vipmail2.mail.sina.com.cn/classic/index.php,0797_delhiescort69.com_images_email.163.com.htm_http_vipmail2.mail.sina.com.cn_classic_index.php/page.html,0797_delhiescort69.com_images_email.163.com.htm_http_vipmail2.mail.sina.com.cn_classic_index.php/screenshot.png,1
http://dekorcasa.com/excel/login.php?userid=andyyu0755,0798_dekorcasa.com_excel_login.php_userid_andyyu0755/page.html,0798_dekorcasa.com_excel_login.php_userid_andyyu0755/screenshot.png,1
http://denizilebasvhrhemenn.com.tr,0799_denizilebasvhrhemenn.com.tr/page.html,0799_denizilebasvhrhemenn.com.tr/screenshot.png,1
http://denizmahirkartal.com/wp-content/plugins/phy/oneddrive,0800_denizmahirkartal.com_wp-content_plugins_phy_oneddrive/page.html,0800_denizmahirkartal.com_wp-content_plugins_phy_oneddrive/screenshot.png,1
github.com,0801_github.com/page.html,0801_github.com/screenshot.png,0
apache.org,0802_apache.org/page.html,0802_apache.org/screenshot.png,0
vimeo.com,0803_vimeo.com/page.html,0803_vimeo.com/screenshot.png,0
en.wikipedia.org,0804_en.wikipedia.org/page.html,0804_en.wikipedia.org/screenshot.png,0
wordpress.org,0805_wordpress.org/page.html,0805_wordpress.org/screenshot.png,0
nginx.org,0806_nginx.org/page.html,0806_nginx.org/screenshot.png,0
httpd.apache.org,0807_httpd.apache.org/page.html,0807_httpd.apache.org/screenshot.png,0
wordpress.com,0808_wordpress.com/page.html,0808_wordpress.com/screenshot.png,0
policies.google.com,0809_policies.google.com/page.html,0809_policies.google.com/screenshot.png,0
play.google.com,0810_play.google.com/page.html,0810_play.google.com/screenshot.png,0
gravatar.com,0811_gravatar.com/page.html,0811_gravatar.com/screenshot.png,0
apple.com,0812_apple.com/page.html,0812_apple.com/screenshot.png,0
apps.apple.com,0813_apps.apple.com/page.html,0813_apps.apple.com/screenshot.png,0
microsoft.com,0814_microsoft.com/page.html,0814_microsoft.com/screenshot.png,0
europa.eu,0815_europa.eu/page.html,0815_europa.eu/screenshot.png,0
wikipedia.org,0816_wikipedia.org/page.html,0816_wikipedia.org/screenshot.png,0
t.me,0817_t.me/page.html,0817_t.me/screenshot.png,0
plus.google.com,0818_plus.google.com/page.html,0818_plus.google.com/screenshot.png,0
amazon.com,0819_amazon.com/page.html,0819_amazon.com/screenshot.png,0
itunes.apple.com,0820_itunes.apple.com/page.html,0820_itunes.apple.com/screenshot.png,0
medium.com,0821_medium.com/page.html,0821_medium.com/screenshot.png,0
tumblr.com,0822_tumblr.com/page.html,0822_tumblr.com/screenshot.png,0
creativecommons.org,0823_creativecommons.org/page.html,0823_creativecommons.org/screenshot.png,0
linkedin.com,0824_linkedin.com/page.html,0824_linkedin.com/screenshot.png,0
soundcloud.com,0825_soundcloud.com/page.html,0825_soundcloud.com/screenshot.png,0
flickr.com,0826_flickr.com/page.html,0826_flickr.com/screenshot.png,0
drive.google.com,0827_drive.google.com/page.html,0827_drive.google.com/screenshot.png,0
nytimes.com,0828_nytimes.com/page.html,0828_nytimes.com/screenshot.png,0
tiktok.com,0829_tiktok.com/page.html,0829_tiktok.com/screenshot.png,0
w3.org,0830_w3.org/page.html,0830_w3.org/screenshot.png,0
reddit.com,0831_reddit.com/page.html,0831_reddit.com/screenshot.png,0
www.ncbi.nlm.nih.gov,0832_www.ncbi.nlm.nih.gov/page.html,0832_www.ncbi.nlm.nih.gov/screenshot.png,0
nih.gov,0833_nih.gov/page.html,0833_nih.gov/screenshot.png,0
goo.gl,0834_goo.gl/page.html,0834_goo.gl/screenshot.png,0
blogspot.com,0835_blogspot.com/page.html,0835_blogspot.com/screenshot.png,0
tinyurl.com,0836_tinyurl.com/page.html,0836_tinyurl.com/screenshot.png,0
launchpad.net,0837_launchpad.net/page.html,0837_launchpad.net/screenshot.png,0
web.archive.org,0838_web.archive.org/page.html,0838_web.archive.org/screenshot.png,0
issuu.com,0839_issuu.com/page.html,0839_issuu.com/screenshot.png,0
bbc.com,0840_bbc.com/page.html,0840_bbc.com/screenshot.png,0
forbes.com,0841_forbes.com/page.html,0841_forbes.com/screenshot.png,0
bbc.co.uk,0842_bbc.co.uk/page.html,0842_bbc.co.uk/screenshot.png,0
who.int,0843_who.int/page.html,0843_who.int/screenshot.png,0
dropbox.com,0844_dropbox.com/page.html,0844_dropbox.com/screenshot.png,0
theguardian.com,0845_theguardian.com/page.html,0845_theguardian.com/screenshot.png,0
zoom.us,0846_zoom.us/page.html,0846_zoom.us/screenshot.png,0
cpanel.net,0847_cpanel.net/page.html,0847_cpanel.net/screenshot.png,0
workspaceupdates.googleblog.com,0848_workspaceupdates.googleblog.com/page.html,0848_workspaceupdates.googleblog.com/screenshot.png,0
cloudflare.com,0849_cloudflare.com/page.html,0849_cloudflare.com/screenshot.png,0
cnn.com,0850_cnn.com/page.html,0850_cnn.com/screenshot.png,0
linktr.ee,0851_linktr.ee/page.html,0851_linktr.ee/screenshot.png,0
doi.org,0852_doi.org/page.html,0852_doi.org/screenshot.png,0
www.gov.uk,0853_www.gov.uk/page.html,0853_www.gov.uk/screenshot.png,0
pubmed.ncbi.nlm.nih.gov,0854_pubmed.ncbi.nlm.nih.gov/page.html,0854_pubmed.ncbi.nlm.nih.gov/screenshot.png,0
unsplash.com,0855_unsplash.com/page.html,0855_unsplash.com/screenshot.png,0
bing.com,0856_bing.com/page.html,0856_bing.com/screenshot.png,0
springer.com,0857_springer.com/page.html,0857_springer.com/screenshot.png,0
ibm.com,0858_ibm.com/page.html,0858_ibm.com/screenshot.png,0
time.com,0859_time.com/page.html,0859_time.com/screenshot.png,0
debian.org,0860_debian.org/page.html,0860_debian.org/screenshot.png,0
stanford.edu,0861_stanford.edu/page.html,0861_stanford.edu/screenshot.png,0
nasa.gov,0862_nasa.gov/page.html,0862_nasa.gov/screenshot.png,0
googleblog.com,0863_googleblog.com/page.html,0863_googleblog.com/screenshot.png,0
php.net,0864_php.net/page.html,0864_php.net/screenshot.png,0
nginx.com,0865_nginx.com/page.html,0865_nginx.com/screenshot.png,0
businessinsider.com,0866_businessinsider.com/page.html,0866_businessinsider.com/screenshot.png,0
link.springer.com,0867_link.springer.com/page.html,0867_link.springer.com/screenshot.png,0
wired.com,0868_wired.com/page.html,0868_wired.com/screenshot.png,0
nature.com,0869_nature.com/page.html,0869_nature.com/screenshot.png,0
eventbrite.com,0870_eventbrite.com/page.html,0870_eventbrite.com/screenshot.png,0
discord.gg,0871_discord.gg/page.html,0871_discord.gg/screenshot.png,0
npr.org,0872_npr.org/page.html,0872_npr.org/screenshot.png,0
wp.com,0873_wp.com/page.html,0873_wp.com/screenshot.png,0
commons.wikimedia.org,0874_commons.wikimedia.org/page.html,0874_commons.wikimedia.org/screenshot.png,0
imdb.com,0875_imdb.com/page.html,0875_imdb.com/screenshot.png,0
behance.net,0876_behance.net/page.html,0876_behance.net/screenshot.png,0
weebly.com,0877_weebly.com/page.html,0877_weebly.com/screenshot.png,0
addtoany.com,0878_addtoany.com/page.html,0878_addtoany.com/screenshot.png,0
techcrunch.com,0879_techcrunch.com/page.html,0879_techcrunch.com/screenshot.png,0
stackoverflow.com,0880_stackoverflow.com/page.html,0880_stackoverflow.com/screenshot.png,0
usatoday.com,0881_usatoday.com/page.html,0881_usatoday.com/screenshot.png,0
loc.gov,0882_loc.gov/page.html,0882_loc.gov/screenshot.png,0
discord.com,0883_discord.com/page.html,0883_discord.com/screenshot.png,0
cnet.com,0884_cnet.com/page.html,0884_cnet.com/screenshot.png,0
gitlab.com,0885_gitlab.com/page.html,0885_gitlab.com/screenshot.png,0
amzn.to,0886_amzn.to/page.html,0886_amzn.to/screenshot.png,0
ft.com,0887_ft.com/page.html,0887_ft.com/screenshot.png,0
cbsnews.com,0888_cbsnews.com/page.html,0888_cbsnews.com/screenshot.png,0
fr.wikipedia.org,0889_fr.wikipedia.org/page.html,0889_fr.wikipedia.org/screenshot.png,0
themeforest.net,0890_themeforest.net/page.html,0890_themeforest.net/screenshot.png,0
myspace.com,0891_myspace.com/page.html,0891_myspace.com/screenshot.png,0
wix.com,0892_wix.com/page.html,0892_wix.com/screenshot.png,0
hbr.org,0893_hbr.org/page.html,0893_hbr.org/screenshot.png,0
amazon.co.uk,0894_amazon.co.uk/page.html,0894_amazon.co.uk/screenshot.png,0
free.fr,0895_free.fr/page.html,0895_free.fr/screenshot.png,0
mailchimp.com,0896_mailchimp.com/page.html,0896_mailchimp.com/screenshot.png,0
unesco.org,0897_unesco.org/page.html,0897_unesco.org/screenshot.png,0
britannica.com,0898_britannica.com/page.html,0898_britannica.com/screenshot.png,0
prnewswire.com,0899_prnewswire.com/page.html,0899_prnewswire.com/screenshot.png,0
hubspot.com,0900_hubspot.com/page.html,0900_hubspot.com/screenshot.png,0
cornell.edu,0901_cornell.edu/page.html,0901_cornell.edu/screenshot.png,0
iso.org,0902_iso.org/page.html,0902_iso.org/screenshot.png,0
pci-fanshop.de,0903_pci-fanshop.de/page.html,0903_pci-fanshop.de/screenshot.png,0
investopedia.com,0904_investopedia.com/page.html,0904_investopedia.com/screenshot.png,0
podcasts.apple.com,0905_podcasts.apple.com/page.html,0905_podcasts.apple.com/screenshot.png,0
redhat.com,0906_redhat.com/page.html,0906_redhat.com/screenshot.png,0
blogger.com,0907_blogger.com/page.html,0907_blogger.com/screenshot.png,0
de.wikipedia.org,0908_de.wikipedia.org/page.html,0908_de.wikipedia.org/screenshot.png,0
dx.doi.org,0909_dx.doi.org/page.html,0909_dx.doi.org/screenshot.png,0
bandcamp.com,0910_bandcamp.com/page.html,0910_bandcamp.com/screenshot.png,0
nationalgeographic.com,0911_nationalgeographic.com/page.html,0911_nationalgeographic.com/screenshot.png,0
whitehouse.gov,0912_whitehouse.gov/page.html,0912_whitehouse.gov/screenshot.png,0
jotform.com,0913_jotform.com/page.html,0913_jotform.com/screenshot.png,0
substack.com,0914_substack.com/page.html,0914_substack.com/screenshot.png,0
washington.edu,0915_washington.edu/page.html,0915_washington.edu/screenshot.png,0
webmd.com,0916_webmd.com/page.html,0916_webmd.com/screenshot.png,0
goodreads.com,0917_goodreads.com/page.html,0917_goodreads.com/screenshot.png,0
mailchi.mp,0918_mailchi.mp/page.html,0918_mailchi.mp/screenshot.png,0
docker.com,0919_docker.com/page.html,0919_docker.com/screenshot.png,0
huffingtonpost.com,0920_huffingtonpost.com/page.html,0920_huffingtonpost.com/screenshot.png,0
theatlantic.com,0921_theatlantic.com/page.html,0921_theatlantic.com/screenshot.png,0
ubuntu.com,0922_ubuntu.com/page.html,0922_ubuntu.com/screenshot.png,0
princeton.edu,0923_princeton.edu/page.html,0923_princeton.edu/screenshot.png,0
dribbble.com,0924_dribbble.com/page.html,0924_dribbble.com/screenshot.png,0
epa.gov,0925_epa.gov/page.html,0925_epa.gov/screenshot.png,0
scribd.com,0926_scribd.com/page.html,0926_scribd.com/screenshot.png,0
scholar.google.com,0927_scholar.google.com/page.html,0927_scholar.google.com/screenshot.png,0
worldbank.org,0928_worldbank.org/page.html,0928_worldbank.org/screenshot.png,0
umich.edu,0929_umich.edu/page.html,0929_umich.edu/screenshot.png,0
mayoclinic.org,0930_mayoclinic.org/page.html,0930_mayoclinic.org/screenshot.png,0
trustpilot.com,0931_trustpilot.com/page.html,0931_trustpilot.com/screenshot.png,0
ieee.org,0932_ieee.org/page.html,0932_ieee.org/screenshot.png,0
readthedocs.io,0933_readthedocs.io/page.html,0933_readthedocs.io/screenshot.png,0
nbcnews.com,0934_nbcnews.com/page.html,0934_nbcnews.com/screenshot.png,0
pbs.org,0935_pbs.org/page.html,0935_pbs.org/screenshot.png,0
fandom.com,0936_fandom.com/page.html,0936_fandom.com/screenshot.png,0
noaa.gov,0937_noaa.gov/page.html,0937_noaa.gov/screenshot.png,0
apnews.com,0938_apnews.com/page.html,0938_apnews.com/screenshot.png,0
state.gov,0939_state.gov/page.html,0939_state.gov/screenshot.png,0
foxnews.com,0940_foxnews.com/page.html,0940_foxnews.com/screenshot.png,0
python.org,0941_python.org/page.html,0941_python.org/screenshot.png,0
plos.org,0942_plos.org/page.html,0942_plos.org/screenshot.png,0
frontiersin.org,0943_frontiersin.org/page.html,0943_frontiersin.org/screenshot.png,0
huffpost.com,0944_huffpost.com/page.html,0944_huffpost.com/screenshot.png,0
skype.com,0945_skype.com/page.html,0945_skype.com/screenshot.png,0
biomedcentral.com,0946_biomedcentral.com/page.html,0946_biomedcentral.com/screenshot.png,0
yale.edu,0947_yale.edu/page.html,0947_yale.edu/screenshot.png,0
ox.ac.uk,0948_ox.ac.uk/page.html,0948_ox.ac.uk/screenshot.png,0
upenn.edu,0949_upenn.edu/page.html,0949_upenn.edu/screenshot.png,0
change.org,0950_change.org/page.html,0950_change.org/screenshot.png,0
psychologytoday.com,0951_psychologytoday.com/page.html,0951_psychologytoday.com/screenshot.png,0
cisco.com,0952_cisco.com/page.html,0952_cisco.com/screenshot.png,0
patreon.com,0953_patreon.com/page.html,0953_patreon.com/screenshot.png,0
pewresearch.org,0954_pewresearch.org/page.html,0954_pewresearch.org/screenshot.png,0
bmj.com,0955_bmj.com/page.html,0955_bmj.com/screenshot.png,0
giphy.com,0956_giphy.com/page.html,0956_giphy.com/screenshot.png,0
psu.edu,0957_psu.edu/page.html,0957_psu.edu/screenshot.png,0
wikihow.com,0958_wikihow.com/page.html,0958_wikihow.com/screenshot.png,0
deviantart.com,0959_deviantart.com/page.html,0959_deviantart.com/screenshot.png,0
arcgis.com,0960_arcgis.com/page.html,0960_arcgis.com/screenshot.png,0
xing.com,0961_xing.com/page.html,0961_xing.com/screenshot.png,0
mailinabox.email,0962_mailinabox.email/page.html,0962_mailinabox.email/screenshot.png,0
es.wikipedia.org,0963_es.wikipedia.org/page.html,0963_es.wikipedia.org/screenshot.png,0
books.google.com,0964_books.google.com/page.html,0964_books.google.com/screenshot.png,0
newsweek.com,0965_newsweek.com/page.html,0965_newsweek.com/screenshot.png,0
amazon.de,0966_amazon.de/page.html,0966_amazon.de/screenshot.png,0
jimdo.com,0967_jimdo.com/page.html,0967_jimdo.com/screenshot.png,0
mashable.com,0968_mashable.com/page.html,0968_mashable.com/screenshot.png,0
themeisle.com,0969_themeisle.com/page.html,0969_themeisle.com/screenshot.png,0
oreilly.com,0970_oreilly.com/page.html,0970_oreilly.com/screenshot.png,0
abc.net.au,0971_abc.net.au/page.html,0971_abc.net.au/screenshot.png,0
scientificamerican.com,0972_scientificamerican.com/page.html,0972_scientificamerican.com/screenshot.png,0
sedo.com,0973_sedo.com/page.html,0973_sedo.com/screenshot.png,0
jstor.org,0974_jstor.org/page.html,0974_jstor.org/screenshot.png,0
cam.ac.uk,0975_cam.ac.uk/page.html,0975_cam.ac.uk/screenshot.png,0
umn.edu,0976_umn.edu/page.html,0976_umn.edu/screenshot.png,0
eff.org,0977_eff.org/page.html,0977_eff.org/screenshot.png,0
aliyun.com,0978_aliyun.com/page.html,0978_aliyun.com/screenshot.png,0
nvidia.com,0979_nvidia.com/page.html,0979_nvidia.com/screenshot.png,0
gizmodo.com,0980_gizmodo.com/page.html,0980_gizmodo.com/screenshot.png,0
gofundme.com,0981_gofundme.com/page.html,0981_gofundme.com/screenshot.png,0
disqus.com,0982_disqus.com/page.html,0982_disqus.com/screenshot.png,0
nps.gov,0983_nps.gov/page.html,0983_nps.gov/screenshot.png,0
merriam-webster.com,0984_merriam-webster.com/page.html,0984_merriam-webster.com/screenshot.png,0
cpanel.com,0985_cpanel.com/page.html,0985_cpanel.com/screenshot.png,0
nist.gov,0986_nist.gov/page.html,0986_nist.gov/screenshot.png,0
vox.com,0987_vox.com/page.html,0987_vox.com/screenshot.png,0
jhu.edu,0988_jhu.edu/page.html,0988_jhu.edu/screenshot.png,0
postgresql.org,0989_postgresql.org/page.html,0989_postgresql.org/screenshot.png,0
wiktionary.org,0990_wiktionary.org/page.html,0990_wiktionary.org/screenshot.png,0
getbootstrap.com,0991_getbootstrap.com/page.html,0991_getbootstrap.com/screenshot.png,0
ucla.edu,0992_ucla.edu/page.html,0992_ucla.edu/screenshot.png,0
moodle.org,0993_moodle.org/page.html,0993_moodle.org/screenshot.png,0
sohu.com,0994_sohu.com/page.html,0994_sohu.com/screenshot.png,0
coursera.org,0995_coursera.org/page.html,0995_coursera.org/screenshot.png,0
irs.gov,0996_irs.gov/page.html,0996_irs.gov/screenshot.png,0
fao.org,0997_fao.org/page.html,0997_fao.org/screenshot.png,0
slack.com,0998_slack.com/page.html,0998_slack.com/screenshot.png,0
slate.com,0999_slate.com/page.html,0999_slate.com/screenshot.png,0
acs.org,1000_acs.org/page.html,1000_acs.org/screenshot.png,0
